driverId,name,ssn,location,certified,wage-plan
10,Thomas Watts,548-68-4676,"0477 Joshua Mountain
Smithmouth, UT 89339",Y,miles
11,Bob Nichols,678-91-2547,"072 Good Turnpike
North Nathan, WV 60644",Y,hours
12,Cynthia May,653-38-7210,"998 Martinez Station Apt. 377
North Danielton, UT 14570",Y,hours
13,Rodney Hoffman,255-97-7584,"Unit 6182 Box 1200
DPO AA 43505",Y,miles
14,Justin Hester,712-76-4153,"09524 Carol Port
New Craig, AZ 16346",N,hours
15,William Burke,439-79-4788,"6471 Jones Courts
Robinsontown, WA 71548",Y,hours
16,Leah Salas,821-84-5489,"70326 Mccann Ways Suite 648
South Jamesmouth, TN 48148",N,hours
17,Mary Ruiz,654-28-9027,"015 Diaz Lights
New Chelseachester, WI 29540",N,hours
18,Elizabeth Porter,312-25-7497,"27080 Charles Lights
Cynthiaton, RI 44910",N,hours
19,Jerome Moore,465-94-3638,"USCGC Rodriguez
FPO AP 50711",N,hours
20,Jennifer Carter,251-19-2013,"615 Gill Inlet
Stokeston, GA 80874",Y,miles
21,Ashley Mcmahon,049-63-2989,"5050 Stephen Track
West Spencer, MN 11316",N,miles
22,Robert Bowman,645-62-6327,"6340 Amber Curve
Sarahstad, AR 45673",Y,miles
23,Carl Andrews,801-37-8202,"3186 Joseph Place Suite 476
Kellyport, ME 63378",Y,miles
24,Mindy Mccullough,350-07-8586,"10561 Maxwell Prairie Apt. 721
Katherineburgh, MD 51274",N,miles
25,Daniel Smith,030-19-7945,"357 Dixon Hill Suite 548
Jefferyburgh, FL 27722",N,miles
26,Kyle Salazar,707-18-9717,"7355 Griffith Village
Port Kathrynmouth, VI 09456",N,miles
27,Amy Saunders,171-36-9351,"5535 Fox Terrace
Wilsonport, AK 91949",Y,hours
28,Vincent Anthony,074-28-1839,"332 Williams Lodge Suite 707
East Briannaborough, OH 92741",Y,hours
29,Jill Russell,810-99-4835,"2837 Jamie Junctions Suite 372
Port Kristenmouth, SC 75311",N,hours
30,Carlos Williams,416-05-3258,"950 Rhonda Throughway
Port Heather, ME 40298",N,miles
31,Robert Owen,158-80-1209,"556 Green Junctions Suite 815
Jennifermouth, AS 65389",N,miles
32,Alicia Harris,396-72-0354,"152 Stephanie Spurs
Carloshaven, AR 48639",N,hours
33,Stephanie Hernandez,118-10-7948,"9635 Michael Dale Apt. 647
New Kevin, AS 52493",N,miles
34,Alicia Jenkins,790-84-3401,"332 Christopher Court
West Marciatown, NH 91933",Y,miles
35,Michael James,437-06-3829,"9921 Baker Turnpike Apt. 339
Port Brendan, MO 52560",N,miles
36,Jacqueline Smith,598-45-1071,"699 Michael Orchard
East Ricky, MO 35092",N,miles
37,Michele Reyes,831-03-6090,"3852 Thomas Flats
West Eric, DE 94153",N,miles
38,Kimberly Miller,155-98-6361,"46632 Miller Neck
East Patrickside, MT 18667",Y,miles
39,Matthew Burton,773-39-2793,"87774 Joseph Way Suite 329
West Robertborough, NM 22194",Y,miles
40,Peggy Frazier,239-68-1078,"41114 Gary Ways
Rachelchester, TX 33122",Y,hours
41,Jeremiah Brown,847-36-8475,"7565 Lindsey Summit Suite 948
East Christyfurt, GU 62683",Y,miles
42,Rebecca Morris,328-46-4920,"40577 Bridges Plaza Apt. 452
New Davidview, WA 53179",N,miles
43,Roy Martinez,057-08-0180,"3185 Megan Ford Apt. 125
Hobbsside, CO 93354",Y,hours
44,Cynthia Woods,828-80-9861,"866 Price Passage
Port Veronica, IA 62482",Y,miles
45,Lauren Johnson,655-86-1746,"99565 Andrew Forest Apt. 828
Zacharyhaven, TN 03090",Y,hours
46,Teresa Garza,541-84-4747,"Unit 3328 Box 8593
DPO AA 98146",Y,miles
47,Tracey Gardner,691-84-3191,"55067 Williams Highway
Kelseyside, VI 60412",Y,miles
48,Phillip White DDS,438-39-4234,"Unit 4423 Box 6280
DPO AE 19728",N,hours
49,Jeffery Kelley,697-56-7517,"7180 Contreras Roads
Lake Kellyfort, MP 35618",Y,miles
50,Kimberly Christian,332-49-6829,"600 Trujillo Turnpike
Samanthastad, SC 43728",N,hours
51,Jasmine Salas,136-29-5804,"691 Ryan Knolls Apt. 560
Angelamouth, AZ 13615",N,miles
52,Sarah Drake,025-52-0899,"9487 Ayala Shoal
Fowlermouth, DE 88410",N,hours
53,Amanda Hicks,132-94-3982,"016 Cody Passage
Port Jennifer, NC 26616",N,hours
54,Logan Cooper,422-44-7860,"690 Huber Ridge Apt. 649
Blackburnport, AK 58932",Y,hours
55,Ruth Burns,812-63-3335,"14100 Kevin Pass
Port Amy, CA 82553",Y,hours
56,Brian West,168-49-2528,"50222 Saunders Route Apt. 567
Lestermouth, OH 16121",N,miles
57,Yvonne Benton,242-64-0819,"81053 Hensley Union Suite 489
Colemanborough, IL 18294",Y,miles
58,Donald Hubbard,298-27-0524,"472 Hughes Inlet
East Charlesborough, WA 60978",N,hours
59,Seth Espinoza,065-43-9349,"729 Guzman Road
Scottside, GU 70961",Y,hours
60,Anthony Davis,798-14-2782,"9052 Sanchez Knolls Suite 687
Lake Emily, CT 60834",Y,miles
61,Russell Foster,684-44-1335,"62835 Hutchinson Rest
East Monicaberg, MA 73985",N,miles
62,Gerald Gonzales,429-34-5393,"65475 Castillo Meadows
Port Laurafort, WY 60969",N,miles
63,Danielle Reed,408-25-0939,"7745 Andrew Knoll Apt. 440
New Jerrychester, MN 54039",Y,hours
64,Monica Lopez,366-33-1095,"585 Kevin Terrace Suite 375
New Adamborough, NY 53157",Y,hours
65,Zachary Stevens,575-06-7127,"1682 Newton Canyon
South Lonniehaven, NH 30423",N,miles
66,Diana Rodriguez,754-95-6939,"16292 Mendoza Extension
West Robert, LA 01858",Y,miles
67,Sophia Frederick,203-61-8637,"1941 Sellers Court Apt. 372
Williefort, NE 21861",N,hours
68,Alexander Glass,811-13-6133,"51027 Cisneros Mountains Apt. 707
Destinyborough, NE 23911",Y,hours
69,Cameron Huber,048-75-6540,"68825 Martha Junction
Bellchester, CA 69459",N,hours
70,Jacob Barrett,542-48-8848,"8672 Brown Highway
Port Reginaldbury, MS 26000",Y,hours
71,Teresa King,497-91-1770,"57313 Patrick Drive Apt. 117
Garrettshire, KS 82569",N,hours
72,Russell Hamilton,048-91-0264,"94232 Stephen Point
West Mikeview, SD 17458",Y,miles
73,Tony Buck,301-93-2717,"PSC 1234, Box 0329
APO AP 96548",Y,miles
74,Tiffany Williams,782-60-0392,"30050 Carter Glen
North Randy, WI 31708",N,hours
75,Robert Bowman,043-42-7217,"3038 Santana Spurs Suite 639
Welchshire, IL 26422",N,miles
76,Michael Smith,343-44-5758,"563 Martin Estate
East Keithfort, RI 89449",N,hours
77,Jacqueline Green,253-10-4435,"Unit 6627 Box 7637
DPO AP 08122",Y,miles
78,Laurie Maxwell,241-02-6948,"291 James Stravenue
Wolftown, AR 33798",Y,hours
79,Stephanie Schneider,023-78-4175,"675 Barnes Junctions Apt. 622
Lake Markland, MT 67737",N,hours
80,Brett Watkins,027-44-3029,"063 Morales Glen Suite 228
Olivermouth, IL 93544",Y,hours
81,Melissa Robinson,414-31-0667,"1007 Lopez Dam
Katherinebury, VA 90344",Y,hours
82,Mark Rodriguez PhD,196-56-4351,"8570 Hayes Key Suite 817
Colemanmouth, MH 21806",N,miles
83,Richard Washington,487-64-2915,"1845 Danny Manor
East Morganview, UT 49604",Y,miles
84,David Black,219-52-4346,"6902 Cortez Causeway
Payneshire, NJ 12087",N,hours
85,Jeffrey Rodriguez,324-39-0786,"706 Lang Lock Suite 937
Stevenbury, WY 75275",N,miles
86,Richard Simpson,899-95-2073,"57538 Matthew Canyon Suite 890
Nelsonshire, CO 79751",Y,miles
87,Allen Rivera,503-36-6978,"550 Garcia Drive Apt. 935
Manntown, NM 73697",N,hours
88,Maria Vargas,172-09-5593,"9709 Joseph Estates
Contrerasside, AK 29965",N,hours
89,Craig Rush,203-95-2470,"9888 Brian Street
North Jill, CT 69940",N,hours
90,Lisa Wilkins,212-39-1012,"961 Samuel Vista
Forbesstad, SC 14839",Y,miles
91,Courtney Parrish,664-99-6308,"34479 Johnson Stravenue Suite 206
Lake Elizabeth, VA 98738",N,hours
92,Glenda Cook,490-60-8415,"361 Cooper Trail Apt. 101
South Alyssaview, OH 97596",Y,miles
93,Tiffany Williams,272-78-9486,"04998 Kendra Grove Suite 346
Mcintoshmouth, MI 98342",Y,miles
94,Joyce Holt,638-43-6218,"PSC 6387, Box 2738
APO AP 15241",N,miles
95,James House,047-65-5824,"09113 Matthew Route
Lake Claudia, MH 24641",Y,hours
96,Stephanie Smith,725-10-3624,"51885 Wong Mountains
Mooreland, IN 38465",N,hours
97,Rachel Lopez DDS,284-03-7093,"31482 Lucas Throughway
Cooperville, MI 12428",Y,hours
98,Jorge Hamilton,684-42-8174,"7546 Stout Tunnel Apt. 755
Lake Ryanside, GU 66030",Y,miles
99,Brett Taylor,683-46-4693,"PSC 8711, Box 9960
APO AP 22589",N,miles
100,David Howell,668-73-2050,"64081 Amy Lock
Shelleyburgh, MA 46676",N,hours
101,Joseph Sanders,215-85-6018,"57788 Brittney Curve
South Laura, ID 63592",N,miles
102,Stanley Park,014-59-0112,"35750 Connie Course Apt. 510
Patrickport, GU 05999",N,hours
103,Brian Davidson,268-79-9710,"50734 Jackson Turnpike Apt. 771
Tapiahaven, PA 95959",Y,hours
104,Donald Harvey,655-55-3430,"793 Gonzalez Pass
Port Brenda, MT 77888",Y,hours
105,Julie Kelley,196-30-7516,"87505 Erica Lake Suite 821
Drakeside, VI 02394",N,miles
106,Haley Rice,004-31-7145,"41312 Horne Union Apt. 495
West Yvonnefort, IN 37493",N,hours
107,Tyler Thompson,230-64-5607,"1203 Gerald Causeway
South Charlesbury, WV 24640",N,miles
108,Mark Thomas,440-35-8750,"48988 Joseph Locks Suite 027
Lake Justin, MO 51117",Y,hours
109,Whitney Edwards,490-93-8376,"6487 Amber Fords
Aimeeview, NH 45917",Y,miles
110,Jessica Alexander,702-87-0952,"6007 Hooper Throughway Suite 100
Stephanieport, AS 73408",N,hours
111,Kristen Russell,470-73-8632,"3287 Katherine Gateway
North Nicole, IA 48574",Y,hours
112,Pamela Henderson,663-37-8977,"665 Todd Wall
Leville, LA 03873",N,hours
113,Ralph Atkins,811-57-1873,"8228 Nelson Isle
Port Debraton, OR 89065",Y,hours
114,Michael Johnston,486-91-6488,"USNV Parker
FPO AP 18207",Y,hours
115,Jamie Moody,610-32-0494,"266 Jesse Mall
Courtneymouth, SC 05977",N,hours
116,Sandra Terry,443-05-2802,"98942 Johnson Fall
New Kimberly, NM 24336",Y,miles
117,Michelle Flores,394-46-4875,"838 Brett Summit
Josephshire, ND 68062",N,hours
118,Austin Shaw,485-27-0211,"8851 Webster Stravenue
Meganfort, IL 25561",N,miles
119,Jacqueline Frost,181-09-9320,"PSC 3269, Box 6870
APO AA 85461",N,miles
120,Richard Williams,720-95-7772,"8090 White Lodge
Lake Jake, TX 97396",N,miles
121,Tyler Parker,756-63-5387,"28807 Miller Flat Apt. 131
Jennifershire, VA 78665",Y,miles
122,Anna Wiggins,461-86-8502,"622 Galvan Courts Apt. 030
Dunnville, NV 36774",N,hours
123,Caitlin Lee,263-38-5302,"6356 Leonard Extensions
Lake Jennifer, KS 82217",Y,miles
124,Jordan Williamson,630-23-4099,"4910 Garrett Islands Apt. 019
North Julia, WV 48045",N,hours
125,Steve Mitchell,027-22-5886,"630 Sandra Trail Apt. 810
North Patricia, MT 11534",N,miles
126,Kristie Bishop,674-82-1866,"589 Robert Walk
East Mikeborough, CO 62779",Y,miles
127,Holly Johnson,518-98-5596,"09615 Bailey Land
Jayport, MI 93738",N,miles
128,Adrian Bradley,376-50-3043,"9456 Amy Manors
Briannamouth, AS 74100",Y,hours
129,Dakota Craig,262-64-9176,"9304 Shaun Gardens Suite 767
Santiagochester, WV 96905",Y,hours
130,Angel Medina,772-11-6420,"7604 Robert Grove Apt. 392
East April, GU 96297",N,hours
131,Gregory Martinez,625-91-5495,"31620 Buck Cliff Suite 997
Beckerbury, NM 35740",N,hours
132,Robert Perry,734-85-8910,"56290 Simpson Plains Suite 673
Wendyfort, AZ 63787",Y,hours
133,Ruben Long,227-84-3979,"01850 Jennifer Brooks
Jeffchester, MA 21894",Y,hours
134,Rachel Richard,646-29-2890,"18502 Schroeder Center Apt. 516
East Carly, AS 01984",Y,hours
135,Ashlee Williams MD,854-33-3384,"035 Lowe Summit Apt. 407
South Geraldville, NY 48308",N,hours
136,Laura Pittman,502-17-2937,"Unit 8312 Box 1358
DPO AP 42741",N,hours
137,John Phillips,300-34-5283,"9219 William Heights
Daughertyton, FL 27853",N,miles
138,Yolanda Jackson,881-39-2703,"01162 Shannon Common Apt. 457
Brendaside, RI 66539",Y,miles
139,Jill Fuentes,746-72-0606,"1858 Beasley Vista Suite 665
North Mariefort, ID 93042",Y,miles
140,Brent Barnes,438-55-3674,"USNV Hansen
FPO AP 48181",Y,miles
141,Stephanie Gordon,368-42-6666,"3578 Suzanne Trail
Turnermouth, PR 31124",Y,hours
142,Lindsey Joseph,195-90-2497,"9701 Thompson Court Suite 464
Brendaburgh, LA 49910",N,miles
143,Emma Cooper,028-47-8781,"6731 Ashley Freeway Apt. 928
Lake Diamond, OH 18204",N,miles
144,Dawn Hernandez,141-93-7758,"791 Dean Cliff Apt. 116
Petersfort, OK 56683",Y,miles
145,Nicole Rasmussen,730-75-3545,"Unit 5529 Box 3970
DPO AE 88617",N,hours
146,Kristopher Smith,601-03-8596,"06027 Bryant Overpass
Anthonychester, NY 16149",Y,hours
147,Marissa Mitchell,813-03-7027,"73455 Chad Prairie
Port Jennifer, FM 41950",N,miles
148,Carla Moore,166-05-5449,"71345 Davis Place Suite 813
Matthewton, PW 43377",N,hours
149,Daniel Tyler,126-87-0089,"9875 Jason Cliffs
Rachelbury, AR 94103",N,miles
150,Lori Morgan,094-55-6433,"USNS Pugh
FPO AE 96521",N,miles
151,Lisa Gray,699-44-7042,"62481 Flowers Street Suite 453
Port Ambermouth, OK 27723",N,hours
152,Alexis Woods,827-92-8113,"815 Martin Islands
Lake Randallside, CA 46417",N,hours
153,Victoria Saunders,126-62-9535,"20062 Alexander Ports Apt. 774
Lake Sandrachester, MO 16666",N,hours
154,Justin Dunn,323-03-8277,"PSC 6555, Box 0091
APO AP 04988",Y,hours
155,Julie Stuart,334-37-7396,"7986 Patrick Avenue Suite 917
Clarkmouth, MS 26028",Y,miles
156,James Morales,557-50-7626,"743 Katherine Valleys
Angelberg, NV 50903",Y,hours
157,Jennifer Smith,122-72-2608,"039 Janice Dale Apt. 083
Mccormickton, PR 97447",Y,hours
158,Jose Miller,569-57-8575,"761 Brandon Point Suite 772
Williamsburgh, ME 82431",Y,miles
159,Kyle Baker,598-35-0953,"589 Kathryn Run
North Tina, MN 65207",Y,hours
160,Jennifer Reyes,810-87-4568,"0564 Karen Viaduct
West Johnhaven, RI 57173",N,hours
161,Laura Wall,004-47-1319,"7650 Smith Rapid Suite 417
Stevensonmouth, SC 52170",Y,hours
162,Jerry Harris,890-33-7131,"6833 Natalie View
North Danielport, SC 38244",N,miles
163,James George,513-23-5812,"Unit 0417 Box 6311
DPO AE 88920",Y,miles
164,Brittany Harrison MD,370-24-7241,"408 Travis Extension Suite 572
North Dawn, NV 77190",N,miles
165,Jennifer Romero,329-59-1716,"2137 Paul Crest Suite 226
Shelbyview, AR 20601",Y,hours
166,Karen Lopez,840-94-4675,"606 Lopez Haven Suite 780
Weberchester, MP 79193",N,miles
167,Matthew Stewart,647-79-8213,"854 Cameron Rue Suite 124
Johnsontown, PA 65447",N,miles
168,Chad Fowler,629-16-5215,"247 Janice Trail Suite 864
Samanthaborough, AS 54631",N,miles
169,Kaylee Ellis,620-66-1118,"7116 Mercado Estates
Arianachester, KS 16228",N,hours
170,Julie Cunningham,722-26-1633,"3026 Hicks Extensions
Greenberg, NV 65879",N,hours
171,Victoria Bush,244-34-2589,"8991 Cummings Stravenue
Lisaburgh, CA 23432",Y,miles
172,Sabrina Rice,612-60-1322,"766 Claudia Ridge
Port Davidland, OK 66997",N,miles
173,Leslie Price,508-72-8922,"8326 Davis Pass Suite 787
Jacksonton, HI 70898",Y,hours
174,William Choi,294-53-8123,"060 Evans Spring
Changview, VA 30194",N,hours
175,Bryan Mcdowell,768-20-4983,"USCGC Lopez
FPO AA 06161",N,hours
176,Justin Knapp,857-67-6272,"65621 Wallace Cliff
South Tracy, AK 10149",N,miles
177,Cindy Wise,349-31-7010,"55773 Campbell Summit
Taylorland, SD 94853",N,miles
178,Denise Holmes,667-79-3928,"9332 Lewis Forest Apt. 898
Vasquezhaven, DE 70571",N,miles
179,Michaela Lee,015-54-8355,"234 Johnson Crescent Apt. 433
North Taramouth, AL 85704",N,hours
180,Kathryn Cunningham,705-87-3555,"34519 Benjamin Causeway Apt. 201
Nathanielville, IL 50051",Y,hours
181,Alexander Stein,520-58-3182,"56315 Gregory Vista Suite 510
Christopherfurt, AZ 51488",Y,hours
182,Greg Henderson,044-17-0699,"813 Murray Mills Suite 856
Sampsonborough, PR 83110",N,miles
183,Kristina Mendez,070-77-8998,"8927 Kevin Forest Apt. 147
Bradmouth, MI 58912",N,miles
184,Brittney Molina,715-19-4701,"86673 Solis Lodge
Greenton, MI 60147",Y,miles
185,Carl Ward,601-78-0596,"6650 Wendy Spur Apt. 066
Port Nicholas, ID 51382",Y,miles
186,Ms. Roberta Williams,247-39-7919,"USS Doyle
FPO AP 61318",Y,hours
187,Jordan Cisneros,296-48-2561,"USS Roberts
FPO AA 10719",Y,hours
188,Eric Sweeney,261-82-3322,"25597 Lori Crest
New Kevinview, IA 03228",N,miles
189,Theresa Meyers,839-84-5910,"41600 Brian Passage
Port Colton, MT 84942",N,miles
190,Tonya Martin,334-69-9476,"788 Acevedo Ports
South Davidville, MH 66633",N,miles
191,Jennifer Johnson,120-61-2627,"915 Mark Coves Suite 139
Helenchester, AL 99304",Y,miles
192,Christopher May,328-60-0551,"0727 Marie Trail Suite 992
North Dana, CT 27480",Y,hours
193,Scott Young,395-06-0370,"047 Mann Gardens
East Jamesville, MI 90906",N,miles
194,Christopher Rogers DDS,696-95-3081,"47275 Jessica Mount Apt. 228
North Patriciaville, VA 44351",Y,hours
195,Lisa Hayes,104-37-7588,"695 Fisher Plaza Suite 780
Port Staceyfurt, NY 30504",N,hours
196,Ashley Sutton,856-23-9622,"USCGC Mccarthy
FPO AA 88138",Y,hours
197,Stephanie Chapman,167-75-3733,"1289 Caitlyn Mill
East April, KY 22415",Y,miles
198,Roger Reyes,793-51-8746,"430 Cynthia Roads Suite 573
Port Jillian, ND 38949",N,hours
199,Michael Parker,804-88-4542,"001 Grant Plain
Rodriguezshire, PW 98723",Y,miles
200,Larry Caldwell,740-01-6833,"9442 Chandler Way
Josephburgh, MA 09262",Y,hours
201,Briana Barrett,520-92-7255,"9077 Anthony Island Apt. 376
Jasminefort, SC 17209",Y,hours
202,Sharon Sheppard,457-90-4796,"89724 Sarah Terrace
South Robert, AR 18686",N,hours
203,Joshua Campbell,689-15-2903,"307 Jeff Field Apt. 346
South Deborahside, MO 75171",N,hours
204,Donald Richard,718-86-8564,"0937 Shawn Groves Suite 854
Trujillomouth, AZ 70161",N,miles
205,Tammy Pierce,070-07-7264,"480 Sherry Square Apt. 368
South Stephenfort, ND 75338",Y,miles
206,Sandra Obrien,805-49-5505,"Unit 2290 Box 4685
DPO AA 24652",Y,miles
207,Carrie Sanchez,453-31-1784,"122 Peterson Well
Kimberlyfort, MH 54393",N,miles
208,Tiffany Odonnell,241-22-1119,"89360 Vaughn Park
South Lauraburgh, VT 51394",Y,miles
209,Justin Garcia,491-18-1709,"23262 Thomas Squares Suite 295
Port Patricia, AL 78650",Y,hours
210,John Smith,583-11-9811,"USS Meadows
FPO AE 91296",N,hours
211,Sherry Johnson,245-56-8092,"8216 William Center
Chloeview, UT 41670",N,hours
212,Emily Patel,192-24-7903,"560 Valentine Curve
Melissaside, MD 62471",N,hours
213,Joshua Castillo,641-86-8592,"512 Gillespie Mall
Anthonyland, VA 43436",Y,miles
214,Robert Chapman,492-34-3143,"6736 Scott Place Suite 935
Thompsonview, FL 49311",N,hours
215,Anthony Miller,726-04-4602,"888 Pham Cove
Pinedachester, IA 83732",Y,hours
216,Michael Sosa,684-89-5148,"3871 Leslie Neck
Rodriguezmouth, OK 18444",Y,hours
217,Melanie Hernandez,237-17-6609,"61503 Cummings Causeway Apt. 818
Michaelburgh, HI 18957",N,hours
218,Andrew Johnson,846-43-1882,"4026 Reginald Mission
Erikashire, MD 94639",N,hours
219,Deborah Boyd DDS,346-93-8382,"2440 Price Well
Schwartzport, IA 62160",Y,miles
220,Cathy Gray,791-27-6304,"25992 Sharp Mall Suite 739
Williamston, MT 26362",Y,miles
221,Donna Alvarez,553-50-3306,"047 Jessica Club
New Teresa, WY 50163",Y,miles
222,Amanda Moran,177-27-4231,"PSC 0679, Box 2372
APO AA 10764",N,miles
223,Adam Miller,353-84-3589,"681 Oscar Extension Suite 504
East Drewport, MO 98359",N,hours
224,Jerry Simpson,442-08-6812,"20088 Gordon Roads
Gordonland, WI 88442",Y,miles
225,Amy Fox,482-11-9568,"USNS Spencer
FPO AE 85326",N,miles
226,Denise Hernandez,325-65-2356,"183 Damon Causeway Suite 362
New Ericport, OH 68284",Y,hours
227,Alexander Reynolds,549-72-5446,"31781 Sheila Path
East Jessicabury, FM 79306",Y,hours
228,Robert Morris,517-40-6654,"9526 Allen Route
Jocelynshire, MD 25870",Y,miles
229,Donald Long,134-80-8544,"7655 Stuart Drive Suite 841
Brianfurt, ME 26934",N,miles
230,Zachary Livingston,782-35-7807,"Unit 7095 Box 9228
DPO AE 27110",N,miles
231,Laura Morrison,673-99-1798,"12350 Orr Springs
East Bradleyshire, MH 58969",Y,hours
232,Michelle Smith,834-31-4185,"75800 David Fall
Lake Jennychester, WA 62268",N,miles
233,James Mcknight,714-38-0037,"0186 John Union Apt. 510
South Robertview, KY 21881",N,hours
234,Michael Garcia,382-52-1352,"2001 Courtney Drive Apt. 971
New Angelahaven, HI 55331",Y,hours
235,Jennifer Alvarez,860-04-8304,"USS Day
FPO AA 91906",N,hours
236,Denise Wright,785-54-4967,"96685 Morris Glen Apt. 665
Kristahaven, KY 42931",Y,hours
237,Robert Washington,508-68-9563,"53477 Audrey Trail Apt. 673
Snydermouth, AZ 88418",Y,miles
238,Kristen Crane,196-31-9260,"193 Sandra Row
Tamaraside, PA 54169",N,miles
239,Todd Rice,298-49-9615,"549 Pamela Harbor Suite 223
Mcclureborough, WI 29254",N,hours
240,Lorraine Chavez,123-02-4335,"USNS Davis
FPO AE 99233",Y,hours
241,Pamela Joseph,874-33-6758,"27495 Mariah Vista Apt. 592
Nguyenmouth, CA 86857",Y,miles
242,Wendy Martin PhD,574-04-2712,"4264 Taylor Fords
West Joycemouth, MH 82423",Y,hours
243,Cynthia Clark,769-89-8652,"39737 Darrell Summit
Thomasbury, SC 50148",Y,miles
244,Jeffrey Gregory,611-75-6082,"8530 Adams Loop
East Jeffrey, ND 79019",Y,miles
245,James Sanchez,597-12-9648,"36685 Evan Station Apt. 185
Michaelfort, MI 57430",N,hours
246,Christopher Wiggins,420-25-3996,"4168 Knight Creek
Ericville, KY 65293",N,hours
247,Duane George,155-22-5218,"750 Foster Shores Apt. 867
Karenburgh, AS 54798",N,miles
248,Joshua Herring,704-08-1850,"Unit 3777 Box 8409
DPO AP 90354",Y,hours
249,Tamara Woods,796-77-7699,"PSC 0050, Box 1711
APO AP 15698",N,miles
250,Stephanie Cox,519-35-6427,"2366 Frank Corners Suite 236
New Dylan, KS 96933",N,hours
251,Sandra Yu,667-79-6028,"4409 Richard Crest Apt. 981
West William, MI 40962",Y,miles
252,Miranda Leon,154-36-9833,"624 Richard Divide Apt. 000
North Leviberg, OH 52012",N,hours
253,Juan Todd,766-69-7668,"4726 Robinson Tunnel
Walkerberg, IL 77442",N,miles
254,Sheryl Ramos,129-21-0460,"Unit 8447 Box 6176
DPO AA 68287",N,hours
255,Bill Taylor,745-04-1476,"7965 Matthew Lodge
West James, MS 24035",Y,hours
256,William Ward,405-34-4819,"888 Wright Plaza Apt. 176
Juliemouth, ME 10797",N,hours
257,Danielle Page,153-19-5268,"41638 Savannah Square
Sarahfurt, GU 56080",N,hours
258,Robert Knight,534-37-8803,"088 Johnson Common Apt. 800
East Megan, CA 54782",N,hours
259,Kim Watson,385-12-7261,"6572 Callahan Plaza Apt. 003
New Sarahville, NM 22679",N,hours
260,Carmen Peterson,234-81-2941,"09428 Douglas Plains
Swansonton, MS 60236",N,miles
261,Todd Lawrence,892-27-7429,"326 Pacheco Brooks Suite 600
West Patrick, NC 69084",N,miles
262,John Thompson,876-90-7769,"292 Rivera Trail Suite 155
West Richardfurt, AL 05313",N,hours
263,Jesse Cruz,173-55-1207,"926 Karen Plaza
New Johnburgh, OR 44973",N,miles
264,Kimberly Moore,432-39-4482,"PSC 4147, Box 2154
APO AP 04119",Y,hours
265,Jason Shelton,680-57-0583,"6887 Brewer Skyway Suite 045
Alexandrafort, WY 15466",Y,hours
266,Meghan Yang,275-97-4144,"97645 Elizabeth Trail Suite 647
Port Janet, ME 05223",N,hours
267,Zachary Pierce,535-21-6832,"349 Brown Cliffs Suite 519
Ryanmouth, MN 73567",N,miles
268,Derek Dalton,081-87-2845,"Unit 5122 Box 2543
DPO AA 89459",N,hours
269,Ricky Williams,390-25-8682,"81013 Jackson Station
South Pamelaview, SD 80893",N,miles
270,Stephen Johnson,640-60-9832,"504 Charles Loaf
Melissafurt, LA 56894",N,hours
271,Sean Young,430-92-1909,"415 Mason Land Suite 943
Davidchester, OR 14385",N,hours
272,Julie Stewart,346-98-3081,"15136 James Ways Apt. 552
Williamville, CO 88864",N,hours
273,Richard Moore,213-71-4480,"91535 Tucker Center Apt. 837
Lindseytown, PR 53129",Y,miles
274,Amber Price,735-18-1867,"421 Amy Islands Suite 208
Shepardmouth, SD 41643",N,miles
275,Alexis Bradley,315-52-1027,"31252 Roy Valleys Suite 267
Johnsonberg, ND 19459",N,miles
276,Jacqueline Garcia,423-93-3446,"3466 Allen Square
Colleenhaven, NY 40898",N,hours
277,Joseph Ford,314-43-4316,"881 Willis Tunnel
Pollardhaven, CA 22467",Y,miles
278,Daniel Johnston,568-24-7985,"7870 Anthony Highway
Manuelbury, VA 23184",Y,miles
279,Eric Austin,398-93-8386,"225 Patrick Crossroad
East Kathleenville, KS 89473",Y,hours
280,Jeffrey Wright,315-91-3805,"99456 Andrade Turnpike
West Justinland, SC 71534",N,hours
281,Cameron Jones,461-76-8122,"USS Thornton
FPO AE 02000",N,miles
282,Scott Scott,166-92-5225,"299 Harrison Expressway
South Angela, MO 80051",Y,miles
283,Brandy Fischer,595-24-7695,"Unit 6919 Box 8111
DPO AE 24495",N,miles
284,James Hamilton,654-18-4200,"99535 Estrada Roads
South John, AZ 96604",N,miles
285,Darrell Barron,838-73-2669,"2885 Frank Lodge
North Joann, OR 26086",N,hours
286,John Anderson,899-75-4210,"337 Joshua Burgs
Lake Aaron, ID 18127",N,hours
287,Erika House,641-64-9161,"421 Garcia Mount
Jessicahaven, WV 41375",N,hours
288,Tammy Robinson,281-33-1912,"95959 Anderson Expressway
Port Darren, WV 30172",Y,miles
289,Michael Romero,061-82-2193,"921 Moore Curve Suite 760
Richardsstad, GA 97630",N,miles
290,Arthur Griffin,194-79-9767,"2003 Charles Trace Suite 371
Lake Stacietown, NH 53267",N,hours
291,Abigail Woods,542-70-6485,"40438 Fox Lane
Port Marymouth, WI 94373",N,miles
292,Joseph Marks,503-11-6608,"7550 Armstrong Turnpike
Janicefurt, MD 12178",N,miles
293,Jaclyn Meyers,408-64-7769,"29901 Johnson Forges Apt. 195
Jamestown, HI 15198",Y,miles
294,Sara Gomez,278-08-5431,"297 Kirby Squares
Port Craigview, MD 07852",N,hours
295,Alicia Castillo,124-31-0819,"4497 Alicia Light
Port Michaela, VT 51379",N,hours
296,Allison Gonzalez,159-93-0127,"1959 Oliver Rapids
Lake Sarah, AL 21489",N,hours
297,Nicole Wagner,791-26-0374,"4716 Obrien Avenue
West Stephaniefort, NY 28651",Y,miles
298,Shelly Cooper,241-78-0680,"63704 Johnson Heights Apt. 168
Careyborough, AR 56129",N,hours
299,Jessica Soto,462-72-6330,"829 Steven Mills
Cookburgh, PW 75311",Y,miles
300,Patrick Cherry,348-11-5058,"8479 Craig Shore Suite 995
Jeffville, VI 26310",Y,miles
301,Elizabeth Brown,878-08-5223,"44036 Denise Station
Websterhaven, MT 60404",Y,miles
302,Teresa Bailey,622-19-2867,"4954 Morris Shoal
New Krystal, PW 81994",N,hours
303,Erica Anderson,179-90-5900,"Unit 0338 Box 6858
DPO AA 03459",N,hours
304,Thomas Wilson,865-07-1191,"4979 Cohen Cape
Phillipsfurt, IA 57351",Y,miles
305,Robert Gould,330-82-7155,"072 Hailey Lake
Port Maria, MP 70290",Y,hours
306,Aaron Alvarado,840-44-5691,"USS Martinez
FPO AE 19360",Y,hours
307,Sandra Gonzalez,126-22-1927,"794 Barbara Trail Apt. 642
Millerberg, WA 88633",Y,hours
308,Joshua Ballard,342-57-1065,"9719 Holmes Burg Apt. 625
Wrightchester, MS 98290",Y,hours
309,Mary Fuller,391-74-7108,"81126 James Street Suite 601
South Charles, VA 73658",N,hours
310,Eric Haas,687-02-7594,"USS Scott
FPO AE 34480",N,hours
311,Deanna Morgan,113-61-8660,"552 Cheryl Junctions
Judyland, VI 39430",N,hours
312,Robert Bonilla,489-37-6897,"40228 Hernandez Falls
North Johnstad, OR 06353",Y,hours
313,Robert Lee,405-51-7865,"2460 Michael Turnpike
South Taylor, KY 68870",N,miles
314,David Swanson,479-88-9861,"12259 Jessica Garden
Kyleville, WY 43222",N,hours
315,Jesus Gray,376-47-5033,"5829 Smith Stravenue Apt. 461
Port Daniel, NH 28014",Y,miles
316,Christopher Myers,891-01-9820,"6198 Nicole Drives
Birdtown, TN 67917",N,miles
317,Louis Valencia,289-96-5253,"96847 Diana Pike
East Marieborough, NJ 76929",Y,hours
318,Courtney Kane,422-81-2575,"Unit 3828 Box 1136
DPO AP 88907",N,miles
319,Edward Joseph,245-56-6448,"365 Jason Wells
Lake Georgeland, CA 01312",Y,miles
320,James Mcknight,740-73-4034,"35043 Brooks Vista Suite 887
Brownland, CT 81710",N,miles
321,Michael Dunn,545-26-7975,"74547 Ashley Parkway Suite 879
Jeffreystad, AL 60223",N,miles
322,Timothy Johnson,420-49-3358,"73747 Richmond Green Apt. 712
South Tiffanyport, AZ 74971",N,hours
323,Christopher Bond,308-34-7117,"82227 Philip Trafficway Apt. 489
New Amberburgh, FM 14587",Y,miles
324,Anthony Bradshaw,700-94-9023,"227 Brown Stream
New Christinaville, AK 34527",Y,hours
325,David Freeman,086-18-2580,"2834 Michael Turnpike
Anthonyland, ID 24569",N,miles
326,Robert Thompson,212-65-8988,"1590 Justin Valleys Apt. 236
North Susanfort, CO 22982",Y,miles
327,Stephanie Potter,290-08-8238,"0556 West Plain
West Lisatown, AK 91954",Y,miles
328,Michael Scott,714-01-9835,"14814 Donald Plains Apt. 347
Jamesmouth, ID 19426",Y,miles
329,Natalie Garrison,726-91-5407,"62753 Fox Plaza
Brittneyburgh, MP 35598",Y,miles
330,Deborah Jones,886-71-8870,"94383 Hutchinson Crossroad
North Gabriel, KY 30807",Y,miles
331,Emily Allen,421-85-8629,"672 Mitchell Walks
Bryanshire, AZ 30797",Y,hours
332,Jessica Austin MD,547-82-5577,"9694 Kathleen Circle Apt. 576
Lake Ginahaven, MO 66488",N,hours
333,Preston Rogers,187-17-0600,"2165 Erickson Roads
Laurastad, NH 46915",N,hours
334,Ryan Davis,530-97-8726,"5867 James Orchard Apt. 104
Port Barry, HI 49721",N,miles
335,Taylor Mullen,474-67-0032,"Unit 7657 Box 6675
DPO AE 81606",Y,miles
336,Cindy Dunn,335-97-0031,"37369 Michael Greens
Port Katrinabury, PR 34713",Y,hours
337,Randall Jenkins,609-40-2009,"9160 Boyle Mission
Anthonyhaven, TN 76440",Y,hours
338,Katrina Clark,846-45-9355,"9781 Vanessa Prairie
Gloverstad, HI 62954",N,miles
339,April Gill,841-88-4401,"03313 Michael Mountains
West Michaelfurt, OK 17933",N,miles
340,Theresa Singleton,375-63-9944,"5506 Carolyn Road
North Lisaburgh, AR 83530",N,hours
341,Ashley Harrington,659-61-2113,"29424 Steven Meadow
Claystad, DC 54511",Y,hours
342,Matthew Nelson,174-23-1086,"66150 Dustin Hill
Jamestown, ME 95007",Y,hours
343,Mark Jordan,623-11-5935,"9505 Gregory Valley
East Stephanie, NM 88263",Y,miles
344,Joel Burke,045-15-9216,"75507 Jack Green
Jacksonview, VT 32841",N,hours
345,Gregory Ford,521-38-7928,"678 Cortez Glens
Clarkshire, HI 24020",N,hours
346,Denise Robinson,085-03-3383,"0232 Martinez Lake
Scottfurt, IA 67457",N,hours
347,Bradley Greene,273-15-6533,"217 Kristi Stravenue
Stephensberg, PW 74098",Y,hours
348,Bryan Thomas,054-60-6936,"Unit 2939 Box 6466
DPO AA 49488",N,miles
349,Jessica Jackson,097-43-5405,"6881 William Squares
South James, OK 29152",Y,miles
350,Hannah Adams,357-02-6654,"5286 Chen Plains Suite 008
West Erik, GA 69643",N,hours
351,Brooke Curry,700-16-6791,"PSC 9960, Box 7590
APO AE 86448",Y,miles
352,Brittney Shelton,735-03-2962,"405 Palmer Pike
Evelynfurt, WY 85098",Y,miles
353,Ryan Patterson,776-83-6424,"9950 Joshua Divide Suite 255
West Leah, PW 66958",N,miles
354,Carlos Craig,019-24-5195,"1728 Charles Run
Millerburgh, MS 62998",Y,miles
355,Julian Moore,021-29-0744,"36947 Juan Cliffs Suite 300
Port Brian, AK 20185",N,miles
356,Audrey Castro,486-68-4384,"16521 Daniel Crossing
North Saratown, NJ 51202",Y,hours
357,Kyle Santiago,274-14-8275,"USS Martinez
FPO AP 36141",N,hours
358,Andrew Powell,424-60-1578,"2254 Miller Greens
East Joseph, FL 22774",N,miles
359,Tracey Melendez,298-97-3052,"8391 Rivera Parkway
Jensenburgh, VI 12726",Y,miles
360,Alexandra Thomas,118-39-8684,"Unit 1684 Box 0799
DPO AP 91256",Y,miles
361,Patricia Howell,865-46-6070,"2626 Joel Vista
Jessicafort, VI 80577",N,hours
362,James Meyer,480-15-1282,"577 Cheryl Cape
Lake Bryan, MH 61082",N,miles
363,Cynthia Prince,490-04-5826,"1985 Powell Mews
Lake Daniellefurt, UT 77931",Y,hours
364,Katherine Combs,847-03-0015,"20483 Martinez Bypass Suite 942
South Nicole, DE 45522",Y,miles
365,Rebecca Griffith,094-45-2205,"Unit 3380 Box 4687
DPO AP 09823",N,miles
366,Dr. Sarah Munoz,243-25-5617,"7874 Benson Junction
Lake Maryfort, VT 98683",N,miles
367,Krista Gross,218-38-6602,"009 Chelsea Prairie
Shortfort, NV 41714",N,hours
368,Jordan Ortiz,246-92-6090,"8818 Jeffrey Pass Suite 151
Pamelashire, AZ 09274",Y,miles
369,Jessica Glass,858-60-0938,"763 Micheal Plains
New Brandyberg, MT 87283",N,miles
370,Jason White,380-87-4693,"72960 Cristian Shoals
Woodwardbury, ND 04922",Y,miles
371,Vicki Marshall,066-50-6619,"16861 Shannon Club
West Edward, FM 90783",N,hours
372,Michael Carter,799-32-4195,"41622 Dale Gardens Suite 102
South Rickeystad, WV 86929",N,hours
373,Kaitlin Chen,671-54-5108,"9150 Paige Viaduct
East Diana, NJ 16905",Y,miles
374,David Cook,416-74-6360,"01448 Marcus Cliff Apt. 335
East Shannonhaven, DE 34728",Y,hours
375,Stephanie Maldonado,649-49-0222,"4926 Patton Ferry
Barkerton, FL 90155",Y,hours
376,Dr. Shawn Ramirez,024-99-0255,"1007 Bowers Mill
East Juan, MD 79513",N,hours
377,Joseph Russell,766-40-6542,"0604 Lisa Viaduct
Deborahhaven, OR 06244",Y,hours
378,Charles Carlson,702-57-5409,"0999 Nichols Club Suite 733
Hunterbury, IL 25069",N,hours
379,Yvonne Estrada,690-76-2684,"4968 Thomas Radial Apt. 556
Georgeside, AS 86180",Y,miles
380,Alexis Wilson,116-85-7268,"088 Kramer Lock
New Jamesland, MT 74674",Y,miles
381,Jonathan Smith,856-56-2379,"0193 Teresa Union
New Saraport, IA 74262",N,hours
382,Taylor Rose,557-16-7178,"9001 Justin Village
West Scottville, MH 61307",Y,hours
383,Cory Arellano,040-18-1327,"38637 Mikayla Loop
Port Markshire, NC 57897",Y,miles
384,Anthony Hurst,394-14-6297,"44368 Rodriguez Divide
Lake Keithville, MN 35484",Y,hours
385,Gabriella Daniels,731-16-0375,"7164 Cynthia Fall
Port Joshua, OH 10038",N,miles
386,Sean Cooke,036-34-2711,"01586 Ebony Grove Suite 083
East Jamesside, MS 11528",Y,miles
387,Susan Johnson,287-41-9405,"PSC 5374, Box 5458
APO AA 70941",Y,hours
388,Jerry Diaz,548-14-6546,"209 Lewis Avenue Suite 638
Tylerstad, KY 70418",N,hours
389,David Curry,790-94-5674,"4876 Michael Fords
West William, OK 57822",N,miles
390,Cheyenne Zimmerman,424-46-1579,"139 Williamson Tunnel
North Brentberg, TX 45587",N,hours
391,Kelsey Valencia,526-47-9425,"USNV Sanchez
FPO AE 62253",N,miles
392,Jennifer Stanley,847-06-8763,"018 Garcia Junction
Thomasport, OR 68639",Y,hours
393,Pamela Patel,200-43-4635,"77273 Doris Tunnel
New Katherine, FL 76162",N,miles
394,Terri Hammond,660-15-0204,"131 Kelly Flats
New Tracy, LA 61985",Y,miles
395,Amy Grimes,410-20-1425,"6609 Patrick Ranch
Smithmouth, IL 35358",N,hours
396,Claudia Nielsen,340-22-3639,"71674 Gallagher Light
West Davidfort, UT 05192",Y,hours
397,Ashley Trevino,322-08-2503,"PSC 3081, Box 6205
APO AP 62352",N,hours
398,Phillip Hogan,785-56-0933,"621 Acevedo Drive
North Mariaton, MN 83109",Y,miles
399,Stephanie Hoffman,797-54-1168,"3934 Bailey Summit Apt. 225
Perezville, OR 24627",Y,hours
400,Elizabeth Gonzalez,406-20-0796,"408 Jessica Skyway Suite 099
North Heatherview, NY 20036",N,hours
401,Jay Montoya,693-88-6454,"2955 Cannon Valleys Apt. 319
Robertborough, NE 19003",N,hours
402,Dawn Washington,015-28-9495,"USNV Wood
FPO AA 34193",N,miles
403,Morgan Thomas,466-13-9332,"1101 Terrell Ways Suite 795
Mirandashire, WV 22424",N,hours
404,James Johnson,607-05-3330,"4227 Heather Flats Apt. 874
West Justinshire, HI 09271",N,miles
405,Donna Moore,562-61-7644,"740 Jason Ville
Robertchester, LA 72581",N,hours
406,Tonya Chaney,501-51-0554,"3709 Carroll Neck Apt. 908
Salinasfort, SD 01815",Y,miles
407,Jennifer Bell,272-91-7495,"745 Pearson Creek Suite 763
New Joshua, SC 91310",N,miles
408,Lisa King,648-52-0971,"630 Catherine Ferry Apt. 632
Josephborough, IL 37279",N,miles
409,William Ward,302-27-0275,"00567 Burgess Viaduct
Traviston, MP 65383",Y,hours
410,Maria Lewis,861-77-4940,"53272 Jeffrey Lodge
New Kathleenmouth, AK 26241",N,hours
411,Jennifer Cervantes,556-88-0730,"316 Ashley Drive
Markhaven, OK 66443",Y,miles
412,Brian Beard,488-40-3873,"92435 Chen Vista Apt. 428
North Arianafurt, CA 16326",N,miles
413,Kevin Reed,874-44-2577,"987 Julie Prairie
Jackstad, FL 40879",Y,hours
414,Ryan Wolfe,130-54-6785,"45286 Brittany Meadows Apt. 390
Doughertystad, MA 54058",Y,hours
415,Robert Mccall,680-36-6384,"711 Jose Field Suite 925
Esteshaven, NH 71420",N,miles
416,Aaron Miles,366-43-5002,"1898 Anthony Union Suite 636
Kelleyport, MS 62223",Y,miles
417,Malik Powell,716-63-4440,"964 Bradley Groves Suite 517
Carmentown, FM 58013",N,miles
418,John Wright,641-86-6488,"9582 Warren Well
Port Julie, NC 18476",Y,miles
419,Norma Jensen,346-97-3822,"22408 Byrd Lights
Rushstad, PA 62306",Y,hours
420,Vanessa Lawson,503-34-3391,"506 Amanda Neck
Lake Andrew, CO 28293",Y,hours
421,Thomas Hayes,652-56-1109,"759 Laura Garden Suite 937
North Melissamouth, VT 69038",N,miles
422,Brian Donaldson,206-74-5656,"270 Patricia Points Suite 215
New Ashleyville, VA 38190",N,miles
423,Cole Flores,880-88-4294,"25374 Jackson Meadow Apt. 139
Laurenfort, MA 76320",N,miles
424,Jonathan Cervantes,252-06-5955,"9865 Annette Field
West Nicholashaven, KY 48194",N,miles
425,Elizabeth Maxwell,470-08-1831,"73349 Morales Throughway
East Jackieville, KS 13080",Y,hours
426,Barbara Johnson,356-45-0587,"571 Cole Heights Apt. 240
Smithshire, KS 39260",Y,miles
427,Debra Mitchell,009-60-0943,"911 Julie Port
South Robert, AS 50553",Y,miles
428,Regina Brooks,789-07-6780,"4978 Paul Point
Robertmouth, CA 77529",Y,hours
429,Jennifer Cortez,234-09-9359,"478 Singh Mountains Suite 442
Lawrenceville, MP 77083",N,hours
430,Mary Rodriguez,454-42-5253,"5632 Harrington Place Suite 302
North Brettborough, WI 87538",Y,hours
431,Cheryl Gray,303-25-1118,"82216 Gomez Fords
Port Robertberg, WY 31454",N,hours
432,Dr. Stephen Burke,202-06-2452,"98186 Amanda Circles
Michaelfort, CO 92380",N,miles
433,Kathryn Hart,554-61-7426,"573 Jason Cape Apt. 226
West Kenneth, VA 30064",N,hours
434,Rachael Cook,208-48-2208,"06465 Sarah Court Apt. 535
Dunnfort, NJ 46119",Y,hours
435,Mark Jackson,787-87-6019,"4715 Jackie Ridge Suite 435
Lake Dylanstad, GA 36334",Y,miles
436,Brandon Raymond,743-91-5724,"079 Joanna Circle
Bridgesfurt, MI 01280",N,miles
437,Ashley Hobbs,761-60-0307,"3943 Clark Tunnel
East Ryan, AZ 72078",N,hours
438,Justin Hernandez,870-61-7934,"848 Darlene Lock Apt. 418
South Patriciafurt, VT 39248",N,hours
439,Rachel George,041-53-2820,"16498 Moreno Stravenue
Torresview, AL 51156",N,miles
440,Dr. Robin Adams,494-87-1545,"417 Thompson Forest
Lake Alyssa, SC 85844",Y,miles
441,Tiffany Serrano,424-72-9308,"990 Stacey Prairie
Brentfurt, TN 41474",Y,hours
442,Brian Ruiz,436-95-1629,"293 Green Vista Apt. 101
Elizabethside, MT 48272",Y,hours
443,Alexis Monroe,123-59-7477,"9001 Brown Hollow Suite 439
Port Patrick, MH 04932",Y,miles
444,Edward Smith,878-36-2204,"PSC 3755, Box 0168
APO AP 81096",N,miles
445,Jennifer Dickson,555-94-5697,"26142 Nolan Summit
New Maryborough, PA 84955",Y,hours
446,Chase Wang,184-72-2183,"5081 Gould Spring
Murphyport, ND 52681",N,hours
447,Autumn Sandoval,491-91-0205,"273 Smith Fort
New Felicia, NE 95155",N,miles
448,Antonio Terrell,760-70-1520,"6677 Arnold Island Apt. 646
Grantberg, NY 55195",N,hours
449,Kelsey Rios,346-15-1819,"98409 John Greens Apt. 909
Careyland, PW 69134",N,miles
450,Laura Mason,119-07-5412,"62278 Jessica Island Apt. 174
South Christinefort, SD 26995",Y,miles
451,Renee Maynard,571-57-1729,"8118 Martinez Plain Apt. 304
East Craigbury, MD 48445",N,hours
452,Becky Miranda,641-22-7583,"Unit 3269 Box 4688
DPO AP 19148",N,hours
453,Wanda Foster,672-68-0738,"0709 Joel Isle
New Joseph, DE 59291",N,hours
454,Anthony Johnson,265-04-0369,"376 Mcgrath River Apt. 438
Taylorport, ME 50679",N,hours
455,Eric English MD,442-06-2714,"568 Howard Springs Apt. 328
Lindaville, SD 34008",N,hours
456,Alicia Villarreal,796-58-0425,"16309 Donna Creek Apt. 256
Atkinsshire, GU 45183",Y,hours
457,Diane Glover,717-37-5834,"PSC 2952, Box 1858
APO AA 87332",N,miles
458,Katie Bradley,625-33-3327,"206 Simpson Parkway Apt. 091
Davidtown, OK 51469",Y,hours
459,Austin Lester,515-45-7299,"USNV Long
FPO AE 41922",N,hours
460,Kathryn Wong,236-81-5868,"48031 Grant Shoal
Robinsonborough, NM 03403",Y,miles
461,Daniel Ford,705-49-3200,"663 Phyllis Inlet
Braunport, OH 71001",Y,hours
462,Sarah Oneal,713-48-9717,"711 Reyes Canyon
Vanessaberg, VA 38745",Y,hours
463,Bryce Orr,803-89-1989,"5562 Rojas Corner Suite 003
Lewisfurt, AK 77478",N,miles
464,Matthew Davis,707-64-0048,"9066 Charles Mill Suite 732
Clarkburgh, OR 96057",Y,hours
465,Mike Mendez,695-46-6230,"USNS Cole
FPO AA 73909",Y,miles
466,Gregory Miller,204-98-2300,"851 Wiggins Mall
Nealchester, AR 97809",N,miles
467,Samuel Douglas,846-95-1897,"37129 Cheryl Estate
Kelliburgh, GU 23334",Y,miles
468,Jessica Becker,884-49-6991,"445 Robert Wall Apt. 543
Elliottchester, TN 10499",N,miles
469,Kara Butler,297-89-0106,"6576 Robert Streets
New Brianna, MP 30183",N,miles
470,Erin Smith,074-61-9471,"5525 Lori Grove
Baldwinview, KS 74566",Y,hours
471,Kayla Moore,607-85-0162,"4744 Melissa Stream Suite 594
Edwardville, FM 66089",Y,miles
472,David Torres,341-46-4016,"095 Lin Cliff
South Amystad, TN 45808",N,miles
473,Anthony Smith,636-56-8873,"951 Charles Centers
Brianport, GU 78326",N,hours
474,Brian Fields,523-32-1029,"58630 Brandon Bridge Apt. 055
New Dakotafort, IA 86933",Y,miles
475,Zachary Lee,694-34-8678,"4845 Christian Place
Lake Lori, GA 31963",N,miles
476,Dustin Patterson,672-93-9451,"90531 Karen Mountains
Port Derrickberg, CT 01227",N,hours
477,Mark Castro,266-11-8492,"308 Maria Center Apt. 908
Nicholasbury, MP 80798",Y,miles
478,Ashley Pena,297-21-8004,"998 Lopez Union
Jensenport, PR 29290",Y,miles
479,Garrett Webb,238-27-3099,"PSC 6284, Box 5199
APO AE 64903",Y,miles
480,Stephen Norton,679-71-5991,"42526 Murphy Valley
West Chadmouth, NJ 19871",Y,miles
481,Steven Bright,765-63-4356,"76599 Elizabeth Junction
Sanchezmouth, ME 57613",Y,hours
482,Tammy Edwards,803-19-1475,"63378 Ryan Loop Apt. 958
East Davidport, CO 09294",N,miles
483,Rebecca Warner,385-39-1667,"244 Leonard Route
Lake Jonathan, NY 86192",Y,miles
484,Pamela Mitchell,439-51-3252,"077 Lisa Lakes
South Davidmouth, MI 11328",N,miles
485,Tonya Gonzales,321-86-9069,"0655 Ward Forks Apt. 276
Jerrychester, AL 47625",Y,miles
486,Jay Morse,487-63-5181,"59424 Taylor Expressway Apt. 161
Walkermouth, LA 80209",N,miles
487,Christopher Washington,816-53-9210,"29708 Moon Isle Apt. 129
Meganhaven, MA 29818",N,hours
488,Daniel Cruz,542-66-0466,"9737 Huerta Street
Westmouth, MO 13763",Y,hours
489,Mindy Ferguson,311-07-7599,"PSC 0506, Box 4254
APO AP 20797",N,hours
490,Dr. Michael Rodriguez MD,479-83-4736,"15603 Brandon Vista
Lake Mark, SD 89675",N,hours
491,James Miller,429-61-6001,"3580 Garcia Cliff
Foxfurt, MI 86567",N,miles
492,Clayton Edwards DVM,865-64-7605,"8020 Thomas Groves Suite 103
Smithfurt, IN 25629",Y,hours
493,Gregory Williams,356-21-7924,"05522 Kristina Course
Maldonadoshire, DC 49174",N,miles
494,Robin Potts,485-61-0045,"Unit 8977 Box 1690
DPO AA 76306",Y,hours
495,Erica Huffman,473-66-6686,"0905 Dale Harbors Apt. 017
Jasontown, WV 37409",Y,miles
496,Sandra Smith,002-02-5560,"25315 Bethany Heights
Burtonmouth, IL 20668",Y,hours
497,Kimberly Bowman,483-72-8233,"057 Melissa Views Apt. 779
South Yolandaview, PR 54101",N,hours
498,Gregory Woods,891-25-5897,"9876 Webster Landing
Jasonton, NV 09647",N,miles
499,Miranda Clark,220-53-2947,"03645 Perry Harbors
Brettborough, IA 37758",N,hours
500,Christopher Garner,156-44-8524,"810 Lowe Dale Suite 304
Angelaberg, UT 10615",N,miles
501,Gary Butler,413-55-0557,"426 Weiss Spring
East Kathryn, PW 68398",Y,miles
502,Mrs. Elizabeth Fowler,881-10-2450,"50169 Patricia Unions Apt. 051
Katrinaport, CT 20370",N,miles
503,Susan Rich,549-63-7214,"085 April Dam
Sandersmouth, GA 76303",N,hours
504,Donna King,867-52-6415,"1229 Cowan Rest Suite 687
North Danielle, CT 31898",Y,miles
505,Maria Green,741-40-2677,"Unit 7213 Box 2425
DPO AP 90556",Y,miles
506,Robert Johnson,300-96-6422,"65424 Adams Vista
Schwartzburgh, MI 60213",N,miles
507,Kathy Williams,034-99-2995,"3224 Veronica Courts
Bonillaburgh, MT 14143",N,hours
508,Catherine Green,738-32-4679,"5375 Taylor Fields Suite 375
West Stephaniefurt, IL 75961",Y,miles
509,Jillian Kent,610-77-8666,"94472 Kim Trace Apt. 333
Lopezfort, GA 75623",Y,hours
510,Jeffrey Coleman,133-33-1265,"1743 Allen Gardens
Lake Danny, MD 84326",N,hours
511,Todd King,623-73-6903,"PSC 1099, Box 9130
APO AP 94082",N,hours
512,Peggy Lewis,575-08-8385,"60099 Campbell Cliffs Suite 635
South Ericaburgh, GU 50599",N,miles
513,Ashley Butler,443-99-1085,"365 Harris Lock Apt. 526
West Melinda, PW 08026",Y,miles
514,Andrew Johnson,159-72-5123,"893 Simmons Shore
Port Katherine, MO 47550",Y,hours
515,Robert Craig,763-52-0226,"087 Cunningham Trail Suite 574
Howardmouth, TX 84286",N,miles
516,Thomas Bird,680-84-4774,"83928 Medina Islands Apt. 066
Ashleyhaven, AL 22414",N,hours
517,Kimberly Parsons,683-62-6571,"4982 Tracie Skyway Suite 304
Nolanstad, MN 08875",N,hours
518,Danielle Vincent,888-82-3951,"7865 Paul Lane
South Heather, WI 36086",N,hours
519,Stephen Howell,441-74-8132,"6187 Keith Flats
Port Martinstad, FL 90420",Y,hours
520,Beverly Harris,766-46-9886,"287 Jensen Union
Melissashire, PR 95916",N,hours
521,Melissa Williams,201-16-5224,"6831 Nelson Canyon
New Douglas, CO 16319",N,miles
522,Jessica Morales,840-37-5222,"87944 Fisher Inlet Suite 242
New Alejandraville, UT 92668",N,miles
523,Matthew Monroe,410-08-0814,"2253 Javier Harbors Suite 974
East Annatown, KS 97186",N,miles
524,Haley Horn,470-33-6569,"72677 Moore Greens Suite 886
Yoderburgh, DE 63086",Y,miles
525,Penny Salazar,531-63-6070,"029 Lopez Burgs
New Roseport, AL 76594",Y,miles
526,Kelli Williams,252-75-0402,"52252 David Curve
Kristenfurt, CA 18069",N,hours
527,Cindy Hamilton,516-06-7917,"47105 Hart Keys Apt. 961
Carterstad, KY 11132",N,hours
528,Kelly Sanchez,231-96-3263,"08458 Jennifer Islands
West Jennifer, MD 50488",Y,miles
529,Douglas Rojas,169-06-3092,"4334 Jackson Course Suite 350
West Stephanie, WI 86929",Y,hours
530,Jacob Solomon,186-46-9459,"980 Maria Ridges Suite 014
Millerport, CO 91851",N,miles
531,Samantha Wilson,685-79-7886,"98642 Williams Bypass
South Maria, PA 33948",N,hours
532,Joseph Gonzalez,281-28-2609,"29280 Helen Drive
Carlaberg, MP 49503",Y,hours
533,Patricia Best,042-74-6238,"1154 Robertson Park
Davisburgh, HI 90000",N,miles
534,Sean Lam,194-20-3243,"522 Zachary Lakes Suite 521
Emilyfurt, WA 41939",N,miles
535,Scott Brown,570-66-9533,"71789 Mccarthy Station
New Nathanielland, MN 04002",Y,hours
536,Justin Walker,002-44-9053,"0388 Jennifer Grove Suite 569
East Sharonmouth, CA 98353",N,hours
537,Melissa Huffman,314-25-6563,"3139 Jeremy Bypass Apt. 895
Bergfurt, FM 26252",N,miles
538,Edward Davis,110-89-1468,"22648 Parker Light
North Erik, GA 07426",N,miles
539,John Orozco,435-71-6914,"5045 Sanchez Course Suite 925
Collinsport, CO 85853",N,hours
540,Chris Johnson,443-47-7199,"0810 Evans Knoll Suite 777
Caseyland, NC 49247",N,hours
541,Jessica Larsen,810-02-8959,"0567 Sawyer Square Suite 537
Port Cherylbury, MS 64656",N,hours
542,Jesse Stewart,247-43-1817,"97063 Brown Tunnel Suite 228
South Frank, IA 90856",N,miles
543,Randy Morse,602-72-4196,"9100 Heather Prairie
Garciaberg, VA 43333",N,miles
544,Richard Goodman,724-50-8054,"947 John Route Apt. 390
East Paulmouth, AL 61597",N,miles
545,Emily James,870-62-6376,"5255 Jon Forges
Jesusborough, LA 18183",Y,hours
546,Christopher Rogers,483-26-4680,"6367 Harold Dam Apt. 749
Monteshaven, AR 51805",Y,hours
547,Sabrina Nelson,880-95-4846,"51900 Elizabeth Extensions
South Frank, NH 19940",N,hours
548,Frank Bush,509-41-3457,"4707 Debra Curve Apt. 001
Lake Dianeshire, CO 81658",Y,miles
549,Brian Dalton,423-61-7655,"USCGC Hebert
FPO AA 25557",Y,miles
550,Brad King,556-78-8550,"766 Julie Club
North Morgan, MS 05583",N,miles
551,Christopher Harris,763-94-5971,"496 Myers Viaduct Apt. 255
New Christineland, NJ 16868",N,hours
552,Mario Lopez,629-98-5845,"370 Derek Loop
Port Markview, VI 09766",Y,hours
553,Wayne Smith PhD,617-08-5633,"7774 Bradley Hills Apt. 009
East Josephshire, CO 35052",N,miles
554,Michael Thompson,064-08-3658,"440 Michael Stream Apt. 961
North Allisonburgh, UT 98853",N,miles
555,Christina Doyle,215-91-3850,"164 Deanna Coves Suite 026
East Keithshire, DE 91796",N,hours
556,Daniel Chavez,853-50-9212,"3292 Kimberly Tunnel
Aaronshire, NE 93040",Y,hours
557,Lindsay Meza,386-51-4744,"78235 Clark Forges Apt. 924
Lake Eric, CO 33282",N,hours
558,Cody Stewart,861-44-5815,"146 Kim Corner
North Johnhaven, PR 31446",N,hours
559,Matthew Williams,258-16-4334,"798 Tate Turnpike Apt. 552
South Nicole, WI 32593",N,hours
560,Alexis Farley,142-66-9975,"819 Paul Port Suite 686
Pearsonview, PW 96418",Y,hours
561,Caitlyn Mclean,393-31-4613,"490 Janet Street
Choichester, KS 17445",Y,hours
562,Nathaniel Wise,601-09-1576,"10247 Jacqueline Loaf
Drakeberg, ID 93558",Y,miles
563,Mrs. Emma Wilson,120-44-6688,"8805 Paul Extensions Suite 313
West Chad, CT 74865",Y,miles
564,Alexander Ortiz,459-78-2694,"713 Roberts Manor
East Robin, PR 63125",N,hours
565,Jill Sparks DDS,255-15-4251,"1562 Zachary Loop
Lewisport, PR 47672",Y,hours
566,Charles Carrillo,467-94-9339,"PSC 6044, Box 4394
APO AP 17538",Y,hours
567,Kristi Morales,493-08-3356,"1133 Michael Freeway Apt. 257
New Nathan, AL 17405",Y,miles
568,David Wright,100-47-8734,"833 Sarah Landing Suite 696
Michelefort, ID 91565",N,miles
569,Stephanie Vargas,036-37-0269,"95986 Jared Plains Suite 016
New Angela, FM 67815",N,miles
570,Amanda Parks,194-35-8432,"8357 William Creek Apt. 894
Port Edwardton, AS 36490",N,hours
571,Paul Miller,694-99-0515,"5015 Stevens Burgs
Stephensonmouth, WY 59632",N,hours
572,Autumn Clark,660-90-8021,"14835 Sharon Divide
Port Tonyside, DC 73066",Y,miles
573,Marcus Jones,058-02-7965,"1810 Steven Run Apt. 908
Gonzalezside, MP 16984",N,hours
574,Andrew Gregory,351-68-5467,"303 Justin Trace
Kathyport, WV 71739",N,hours
575,Devon Rodriguez,383-78-6569,"143 Henderson Plains
Keithland, IN 19429",N,hours
576,Steven Shaw,052-46-8735,"77521 Johnny Walks
Mccartyland, NM 14722",N,hours
577,Brandon Gallagher,438-33-0908,"4113 Mary Highway Suite 034
Port Markville, NV 03935",Y,miles
578,Erin Chapman,676-45-6112,"2492 Evans Estate Suite 455
East Kellystad, SC 59372",N,miles
579,Sherry Archer,815-86-8593,"65511 Lewis Summit
Jenniferfort, IN 86041",Y,hours
580,John Wilson,439-87-2986,"041 Christopher Gardens Suite 332
Martinview, VA 44423",N,miles
581,Daniel Smith,367-86-9193,"8645 Taylor Islands
Richardmouth, NJ 22472",N,hours
582,April Matthews,300-40-0985,"683 Rios Curve Apt. 737
Taylorton, PW 45444",N,hours
583,Joseph Black,636-43-4481,"34016 Duran Stream Apt. 581
Smithmouth, PA 52882",Y,hours
584,Luke Ramirez,873-24-7415,"104 Natalie Road
Joshuamouth, VA 07804",Y,hours
585,Nicole Fisher,445-31-5769,"PSC 1831, Box 9049
APO AE 33388",N,hours
586,Cory Kennedy,031-26-6997,"2562 Samantha Meadows Suite 179
Ericashire, HI 20497",Y,hours
587,Kim Walker,447-24-9636,"267 Berger Knoll Suite 222
Carterfort, OR 79499",N,hours
588,Jesse Lane,216-19-7475,"467 Richard Ways
Riversbury, NJ 75440",Y,hours
589,Diana Wall,209-46-3666,"297 Richard Road
Troystad, MH 19698",Y,miles
590,Billy Jackson,296-11-1474,"26414 Adam Roads Apt. 324
Kennethmouth, SD 62470",Y,miles
591,Mariah White,527-80-2633,"3155 Melissa Summit Suite 479
Jasminebury, MT 73180",Y,hours
592,Kristin Wright,446-95-7374,"7042 Crystal Fall
Longmouth, HI 85448",N,miles
593,Kevin Bennett,144-96-2337,"895 Raymond Place
North Amyberg, PA 30363",Y,miles
594,Joanna Cox,660-40-1390,"45965 Ryan Haven
West Amy, AL 83828",N,hours
595,James Murray,100-07-3618,"788 Matthew Camp
Maryton, RI 03730",Y,miles
596,Gary Rowe,422-02-9145,"721 Rich Pines
East Karlshire, IL 93203",Y,miles
597,Jane White,091-21-8414,"604 Smith Heights Suite 263
Lauraville, GA 62120",Y,hours
598,Cheryl Hill,884-04-2592,"USCGC Martinez
FPO AE 73939",N,hours
599,Nicholas Woodard,645-27-6520,"49474 Jessica Square Suite 716
East Daniel, MD 16929",Y,hours
600,Donna Nelson,884-78-7049,"6903 Victor Fork Suite 661
Patelmouth, VT 89038",Y,miles
601,Michael Reyes,773-25-3884,"288 Neal Cape Apt. 170
South Matthewton, MA 87873",Y,miles
602,Marcus Watkins,319-41-1384,"322 Martin Point
South Tommy, MI 67398",N,hours
603,Greg Walker,393-84-9302,"8559 Trujillo Isle Apt. 580
Ethanborough, LA 62840",Y,hours
604,Teresa Perry,010-85-0605,"4086 Sharp Rue
New Feliciashire, IL 83961",N,hours
605,Lisa Steele,063-84-3143,"851 Kyle Wells
South Samantha, LA 26564",N,miles
606,Maria Barnes,262-75-9809,"168 Yang Courts
New Rebeccaland, OR 51260",N,hours
607,Sherry Kelley,358-22-1440,"090 Amanda Curve
Ronaldstad, VI 98640",N,hours
608,Aaron Henderson II,613-49-1690,"Unit 3268 Box 2369
DPO AP 51734",N,hours
609,Jon Kim,827-05-3129,"PSC 7548, Box 6539
APO AP 96203",Y,miles
610,Steven Sims,495-51-2558,"416 Lisa Summit
West Andrew, AK 44016",Y,miles
611,Julia Thomas,411-61-4753,"3038 Carl Trace Suite 970
Whiteside, NY 35793",N,hours
612,Alexandra Villegas,828-30-3665,"68849 Riddle Ports Suite 149
Robertview, TN 98486",N,hours
613,Andrew Cummings,199-48-9530,"182 Norma Hill Apt. 136
Lake Dylan, TX 99633",Y,hours
614,Deborah Gordon,078-41-7969,"4034 Amy Spring
West Taylorview, KS 62245",Y,miles
615,Alyssa Perez,688-18-2179,"06452 Davis Keys Suite 586
Brownmouth, WA 29567",N,hours
616,Brian Sanchez,314-82-7801,"92038 Angela Row
Tranfort, PW 81673",N,hours
617,Dale Thompson,780-04-7647,"724 Mayer Wells
Nicholastown, MN 55487",N,hours
618,Ann Powell,464-41-5047,"0446 Ashley Square Apt. 582
Kevinhaven, SC 42244",N,hours
619,Melissa Smith,335-71-7268,"825 Mitchell Coves Apt. 880
North Carlos, AL 13773",Y,miles
620,Monique Hicks,756-38-9001,"Unit 0591 Box 7075
DPO AE 74958",N,hours
621,Megan Ruiz,141-48-4542,"7014 Donna Union
South Michael, OH 06958",Y,miles
622,Nicole Watson,328-68-8296,"77674 Manuel Lakes
South Michaelberg, ND 96010",Y,miles
623,Curtis Romero,090-52-8746,"563 Garza Light
Lake Lisa, OK 03502",N,miles
624,Allen Adams,527-59-2719,"985 Lindsey Ways Apt. 405
South Donaldstad, NC 99587",N,hours
625,Janet Turner,220-47-5502,"2946 Martin Harbors Apt. 421
Glennfurt, WY 50912",Y,hours
626,Sharon Andrade,302-16-6343,"997 Dylan Trace
Lake James, DE 26903",N,miles
627,Jennifer Pearson,515-36-1407,"7585 Julie Knolls
Port Nicole, MD 20902",Y,miles
628,Bobby Gardner,417-04-9748,"57226 George Squares Suite 416
East Travisberg, WV 26710",N,hours
629,John Wilkins,651-88-5253,"442 Phillip Lakes Suite 829
South Carrie, IL 61232",N,miles
630,Marie Rogers,363-86-2181,"4786 Castro Ranch Suite 959
Laurenview, PR 03442",Y,hours
631,Lauren Tucker,165-66-9649,"1848 Glenn Rapid
Port Andrewstad, MO 00745",Y,miles
632,Jennifer Miller,898-45-6274,"4929 Dennis Expressway Suite 968
South Richard, KS 89226",N,hours
633,Jill Galvan,711-49-7100,"42199 Smith Cliffs Apt. 447
Ramirezfurt, AS 14419",Y,miles
634,Jerome Robinson,769-20-0014,"384 Brian Ville Apt. 841
Port Rachaelberg, WI 44882",Y,hours
635,Juan Yang,117-16-8707,"82449 Rebecca Overpass
West Arthurmouth, NJ 33796",N,miles
636,Andrea Cochran,405-94-5458,"158 John Flats
Nicholasfurt, ND 72855",N,miles
637,Marissa Walton,508-21-3516,"06874 Martinez Throughway
Jillianland, MH 03171",Y,miles
638,Chase Page,148-67-2977,"USNS Brown
FPO AP 11815",Y,miles
639,Shannon Watkins,228-24-2949,"064 Brown Light
Chavezview, ME 16788",N,hours
640,Douglas Barrera,722-77-2808,"350 Ryan Stream Suite 563
Jonesland, NE 17583",N,miles
641,Carl Graves,107-26-0649,"594 Angela Greens
Port Lindsay, VT 53334",N,miles
642,Mrs. Megan Griffith,706-84-1208,"61919 Gutierrez Gardens
New Christie, MD 50956",Y,hours
643,Victor Sosa,505-66-1637,"634 Angela Mews
New Fernando, TN 54069",N,miles
644,Jennifer Horton,005-28-8117,"14155 Ramsey Circles
Jasminetown, IL 11574",N,hours
645,Donna Mason,401-92-3559,"9457 Benjamin Road Suite 445
Annetteland, OH 49531",Y,miles
646,Mariah Clay,808-92-8437,"366 Michael Drive Suite 478
Moralesborough, MD 82544",Y,hours
647,David Mendez,182-44-7490,"18182 Gomez Ridge
Jaimeport, NJ 54354",N,hours
648,Kevin Rose,667-66-4924,"1395 Jimenez Bridge Suite 872
Emilyshire, MI 97763",Y,miles
649,Scott Townsend,757-78-0983,"587 Nancy Circle Suite 554
Starkmouth, NJ 32662",N,miles
650,James Bishop,040-82-6398,"38280 Mccann Cove
West Michaelshire, RI 32595",N,miles
651,David Cooper,481-68-0096,"75390 Serrano Mall
East Haley, MO 27932",Y,hours
652,Jeremy Daniels,062-92-2424,"9752 Dennis Lodge Apt. 818
Morganfort, SC 52145",N,hours
653,Christopher Griffith,653-78-7115,"PSC 5513, Box 7328
APO AP 87162",Y,hours
654,Melanie Gilbert,183-12-5087,"395 Alexander Lodge
Sawyermouth, IA 95770",N,hours
655,Leslie Mathews,562-52-2703,"PSC 5500, Box 8068
APO AA 17889",Y,miles
656,Robin Powers,826-69-3066,"574 Thomas Stream
Lake Gary, ID 23548",Y,miles
657,Jordan Burns,385-78-1088,"84914 Kathryn Mission Apt. 105
Villanuevaborough, NM 63329",Y,hours
658,Tamara Palmer,379-68-0604,"97779 John Rest Suite 752
Lake Tracy, MS 50713",N,hours
659,Dr. Stephanie Nguyen,834-10-8638,"65278 Luna Plains Suite 672
Bryantville, PW 75045",Y,miles
660,Michael Perez,239-99-5383,"4776 Pierce Way Apt. 407
Jacobburgh, MP 20656",Y,hours
661,Mia Gutierrez,411-82-6850,"14144 David Skyway
Boyerchester, GA 15630",Y,hours
662,Kyle Young,313-39-9757,"167 White Viaduct
Buchananview, ID 95966",Y,hours
663,Michaela Quinn,320-33-3319,"26151 Brandon Trail Apt. 296
Mendozaport, CA 20954",Y,hours
664,Robert Fuentes,022-46-8039,"084 Garcia Union Suite 261
Michelefurt, PW 91670",Y,hours
665,Lauren Davis,795-17-5853,"2634 Amber Manors Apt. 606
Riverachester, AR 87879",N,hours
666,Brandon Avila,378-52-8737,"43184 Hill Trafficway
Wardport, NC 55131",Y,hours
667,Samuel Brown,264-94-6637,"544 Tamara Oval
West Bradley, FM 15272",N,miles
668,Alan Montoya,762-01-9082,"41904 Larry Heights
Johnsonbury, NM 61633",Y,hours
669,Jennifer Howard,881-54-3713,"85593 Wendy Fall
East Teresastad, OH 21392",Y,miles
670,Robert Love,628-87-7490,"3705 Dennis Mountains Suite 534
South Billy, NV 92260",N,hours
671,David Foster,592-87-5420,"81865 Riley Isle Apt. 374
Smithberg, CO 70394",Y,hours
672,Julia Lynch,670-95-2617,"58606 Sullivan Island Suite 143
Danielton, MS 44069",N,hours
673,Jennifer Kelly,337-88-1200,"5375 Randy Heights
North Louiston, AZ 76381",Y,miles
674,Carly Sutton,641-38-8589,"7742 Campbell Trail Suite 515
Gonzalezchester, DC 50611",N,miles
675,Holly Schmidt,157-09-5857,"2245 Brown Courts
Olsonbury, WA 98355",N,miles
676,Mrs. Alyssa Rosario,357-44-6533,"1447 Adam Branch
Ambermouth, LA 10222",Y,hours
677,Roger Porter,223-70-6743,"9096 Eric Inlet Apt. 205
Feliciahaven, MN 91157",Y,hours
678,Richard Hebert,152-19-2471,"21672 Frost Loop
New Lindseyhaven, FM 13878",N,miles
679,Shawna Graham,580-01-9346,"4061 Watson Meadows
Port Patrickmouth, LA 58796",Y,hours
680,Carrie Gonzales,746-53-6113,"318 Laura Plaza Apt. 390
New Destiny, MN 79179",N,miles
681,Spencer Miller,133-45-8870,"6995 Deborah Trail
Wagnerfort, TX 28902",N,hours
682,Nancy Thomas,021-51-7660,"7634 Rich Trail Apt. 904
Wileymouth, OR 67971",Y,miles
683,Christopher Payne,021-91-1967,"31859 Jessica Drive Apt. 014
Singhbury, PR 90916",Y,hours
684,Elaine Singh,491-47-3868,"99709 Martinez Knolls
West Amanda, OH 15650",N,hours
685,Michael Watson,174-71-3082,"56100 Alexander Well
North Dakotabury, DC 88909",Y,hours
686,Christopher Gutierrez,466-76-3032,"01647 Jackson Brooks Apt. 797
West Emilymouth, TN 67882",N,miles
687,Hailey Anderson,747-92-7315,"154 Timothy Mission Apt. 507
New Corey, OK 93026",N,hours
688,James Hendricks,630-78-4427,"4489 Maria Isle Suite 391
New Evan, VT 45549",Y,miles
689,Karen Moore,808-81-6390,"8050 Tara Dale
Krystalside, MI 85668",Y,hours
690,Dr. Stacy Adams,494-50-1279,"9375 Daniel Valleys Apt. 979
Bentonside, AK 48316",N,miles
691,Anthony Webster,752-69-5890,"4650 Anthony Centers Apt. 612
Alvarezchester, VT 50580",Y,miles
692,Kent Smith,172-19-3680,"727 Timothy Passage
Randyview, TX 59503",N,hours
693,Danny Klein,190-77-7392,"1608 Curtis Light
New April, MH 09676",N,miles
694,Natasha Ross,559-68-0271,"2667 Melissa Ports Suite 605
Kyleberg, WV 75942",N,hours
695,Deborah Richardson,570-92-2123,"220 Wayne Ports Apt. 959
Jessicatown, MA 76120",N,miles
696,Laura Evans,834-61-3784,"791 Wright Crossing Apt. 937
North Jeremy, KY 65127",N,hours
697,Jennifer Murphy,401-73-0215,"444 Marcus Points
Roweview, NH 20537",N,miles
698,Ryan Figueroa,291-34-1215,"2512 Lee Walk
Webermouth, PA 97635",Y,hours
699,Ernest Schultz,443-03-7612,"08228 Laura Row
Lake Rhondaview, RI 02254",N,miles
700,Tiffany Cameron,087-52-1617,"9239 Monique Center Suite 539
South Jeremytown, GA 12934",Y,miles
701,Christopher Vargas,045-57-4320,"1224 Ellen Mission
Port Josephfurt, ND 32293",Y,hours
702,Natalie Graves,797-48-4184,"711 Walker Islands
North Jessica, MO 02807",Y,hours
703,Mr. Benjamin Davis DDS,762-38-1413,"55341 Livingston Inlet
Paceborough, OR 61937",Y,hours
704,Brandon Hoffman,827-39-0319,"53465 Pope Union
Mikemouth, NM 62456",Y,miles
705,Amanda Thompson,067-29-5979,"622 Rogers Place
Lindseyside, PW 94205",Y,hours
706,David Fry,692-80-0233,"2092 Allison Light Suite 751
North Elizabeth, TX 38716",N,hours
707,Catherine Smith,269-49-4736,"473 Edgar Ports
West Angela, SC 70682",N,miles
708,Peter Hensley,106-13-0370,"30953 Benjamin Vista Apt. 902
Ellisonhaven, LA 26986",Y,miles
709,Dean Perkins MD,109-84-1979,"07290 Foster Rest
Janiceberg, CO 20116",Y,miles
710,Alexander Hall,225-93-6592,"1841 Walters Mountains
Lake Mary, WI 07235",N,miles
711,Elizabeth Kline,074-76-1908,"013 Buck Summit
Ryanmouth, AS 77142",N,hours
712,Jodi Stewart,488-23-0300,"615 Ortiz Drives Suite 518
Jenkinsstad, KY 18150",Y,hours
713,Kathy Gonzales,420-20-3424,"234 Nash Heights Suite 155
New Michael, WV 21042",N,miles
714,Joseph Davis,086-38-1248,"890 Lawrence Keys
North Angelashire, VA 28459",Y,miles
715,Michael Hansen,700-65-1283,"69062 Anderson Spring Suite 060
East Ricardo, MS 94692",Y,hours
716,Bryan Zamora,442-60-9866,"54024 Jesse Parks Suite 695
New Vincenthaven, OR 12630",Y,miles
717,Michael Dudley,012-21-7420,"138 Palmer Summit
New Johnville, WA 06128",N,hours
718,Leah Marshall,734-27-8885,"4814 Kristen Radial Suite 331
North David, GU 61953",Y,miles
719,Danny Reed,553-95-7378,"PSC 2038, Box 7234
APO AP 62315",Y,miles
720,Sara Guerra,356-06-5453,"PSC 3854, Box 9306
APO AE 22086",Y,hours
721,Stephen Carroll,212-05-4702,"6454 Pruitt Wall Apt. 301
Annettemouth, MP 25567",Y,hours
722,Crystal Green,655-01-6145,"83983 Michael Canyon Suite 145
Port Davidland, NE 73474",N,hours
723,Richard Miller,736-40-4558,"USCGC Mann
FPO AA 89070",Y,miles
724,Judy Garcia,834-94-2536,"558 Jones Unions
Lake Brian, WI 18262",N,hours
725,Brandi Young,164-85-9226,"675 Ashley Ridge Suite 366
Christopherview, PW 35521",N,hours
726,Samuel Vazquez,472-68-0477,"1743 Jackson Flats Suite 477
East Robinhaven, MD 34950",Y,hours
727,Lisa Fox,277-50-2178,"081 Martin Fall
Port Kelsey, CT 91084",Y,hours
728,Jon Brown,767-96-2766,"Unit 4298 Box 8652
DPO AA 07322",Y,hours
729,Paul Anderson,145-63-8735,"Unit 8399 Box 0655
DPO AE 29653",Y,miles
730,Kevin Rodriguez,298-53-0047,"9902 Daniel Falls Suite 117
West Eric, MT 92240",N,hours
731,George Harvey,656-45-3881,"9860 Craig Mount
Michaelview, RI 46783",N,miles
732,Tiffany Thompson,588-28-5427,"8713 William Curve Apt. 218
Freemanmouth, MA 31956",N,miles
733,Lisa Brown,512-97-8851,"04930 Ramirez Plaza Suite 655
Russellland, KS 39498",N,miles
734,Faith Garcia,483-99-3145,"342 Christopher Stravenue Suite 296
Kimberlyfort, OR 47703",Y,hours
735,Ashley Burke,427-60-5262,"60371 Buckley Manors
Lake Patrickview, PW 06853",N,miles
736,Shawn Wright,156-03-8001,"720 Brian Fall
New Christopher, NM 00849",N,hours
737,Matthew Church,682-95-7544,"34809 Ashley Underpass
Tammychester, IN 54135",N,hours
738,Joshua Henry,017-25-4700,"81123 Zuniga Walk Apt. 560
Whiteview, AL 70156",N,miles
739,Caroline Smith,361-89-2137,"PSC 5535, Box 3365
APO AA 68378",N,miles
740,Tony Williams,422-34-7560,"6258 Kimberly Lodge Suite 931
Lindseystad, MT 56695",N,hours
741,Daniel Delacruz,678-86-5439,"336 Coleman Square Suite 429
Glassland, DC 61589",Y,hours
742,Deborah Munoz,115-91-9356,"9318 Nicole Cliffs
Kristenshire, PA 74335",Y,hours
743,Ashley Adams,680-01-1913,"58281 Melissa Cliffs
South Robertshire, KS 33420",Y,hours
744,Alicia Pacheco,656-19-2898,"7356 Ferguson Highway Suite 141
West Bryan, AL 94693",Y,hours
745,John Hill Jr.,391-16-5443,"84334 Chad Valley
East Sharonstad, AL 39042",N,miles
746,Gregory Sanchez,602-54-5593,"90696 William Common Suite 328
Porterside, MN 46247",N,miles
747,Patrick Brown,629-48-8999,"5676 Adams View Apt. 913
Ramirezberg, OR 86670",Y,miles
748,Todd Cooper,334-66-9399,"PSC 6888, Box 2757
APO AE 90300",N,miles
749,Walter Peterson,208-44-9381,"165 Joshua Brook
North Donnaland, PA 42831",Y,hours
750,Kristy Peters,038-05-3833,"0417 Cole Inlet Apt. 603
North John, IN 33503",N,hours
751,Karen Ferguson,318-62-1618,"95658 Morris Divide
East Zacharyside, MH 20606",N,hours
752,Robert Anderson,048-79-2964,"559 Susan Island Apt. 874
Lake Jefferyton, RI 65292",N,miles
753,Jennifer Douglas,256-23-1010,"2490 Harris Street
New Daryl, AK 81237",N,miles
754,Karen Brown,604-61-1002,"155 Gloria Avenue
Lake Julia, UT 71260",N,hours
755,Jessica Wright,787-01-3495,"5765 Elliott Canyon
New Kyle, UT 85344",Y,hours
756,Jeremiah Winters,704-77-2332,"076 Andrea Road Suite 041
West Tyler, AR 26315",N,hours
757,Diane Johnson,699-62-4957,"8371 Christopher Keys Suite 900
South Alison, CA 95883",Y,hours
758,Bonnie Young,243-05-5760,"8994 Misty Trail
Travisberg, OK 62165",Y,hours
759,Linda Gonzales,710-36-7145,"65611 Cassandra Landing
Tylerview, SC 77227",N,hours
760,Virginia Lewis,619-11-9642,"745 Bruce Valleys
West Kariside, UT 22599",N,hours
761,Emily Dyer,363-11-4140,"03861 Marquez Centers
Brownchester, LA 84538",Y,hours
762,Brian Singleton,416-47-2113,"693 Henderson Bridge Suite 792
Lake Keithview, VI 15210",N,miles
763,Karen Stanley,788-43-8032,"611 Watson Overpass Suite 803
Wilsonville, AS 05399",N,hours
764,Daniel Baker,519-38-7825,"24872 Lisa Cliff Apt. 175
New Lisashire, NH 68847",Y,hours
765,Clifford Jacobs,626-19-0485,"146 Selena Branch
Lake Amberberg, MT 10538",N,miles
766,Christian Fields,602-61-2519,"12815 John Lock
Darrenton, TX 45479",N,miles
767,Amanda Williams,190-81-7136,"26926 John Valleys Suite 183
Port Martinview, PA 94281",Y,miles
768,Katie Spencer,667-79-3684,"80290 Hernandez View Apt. 608
Port Eric, SC 61227",Y,miles
769,Anna Nelson,112-83-9460,"21330 Christopher Key
New Dakota, WI 09573",Y,hours
770,Kayla Hanna,564-55-9923,"26716 Vanessa Overpass
Dannymouth, VI 30723",Y,hours
771,Jennifer Stafford,143-76-4501,"1807 Clayton Heights
New Jamesmouth, WI 04787",N,miles
772,Rebecca Ellis,267-91-4831,"18981 Laura Ville Apt. 982
New Bryanhaven, MP 51791",N,miles
773,Brian Brock,868-60-9862,"PSC 5142, Box 5559
APO AA 19769",N,miles
774,Robert Duran,466-88-4962,"2809 Fowler Forges Apt. 784
Lake Soniachester, TX 65278",N,miles
775,Angela Mcguire,864-18-1103,"17217 Dorothy Mount Apt. 216
New Jessicaberg, NY 35543",Y,hours
776,Robert Reyes,088-88-8085,"77764 Thompson Passage Apt. 341
Michaelville, MI 38114",Y,miles
777,Benjamin Monroe,546-91-5789,"PSC 5385, Box 6201
APO AE 96497",Y,miles
778,William Adams,235-33-3886,"998 Coleman Extensions
West Michaela, WV 47081",N,miles
779,Rhonda Bell,559-17-0458,"7819 Potts Roads
Lake Eric, FL 41899",Y,miles
780,Hayley Barnes,479-98-6480,"8463 Kayla Causeway Suite 450
Ellisberg, MS 20104",N,miles
781,Felicia Thompson,242-01-9669,"654 Smith Extension Apt. 743
New Rileyville, ME 01473",Y,hours
782,Robin White,839-76-5571,"10639 Tammy Club Suite 975
Williamsbury, IA 44010",Y,hours
783,Brian Mills,271-79-6168,"157 Pham River
North Beverly, MD 29310",Y,hours
784,Ryan Duncan,639-05-2842,"0484 William Road
Davisfurt, OH 59638",Y,miles
785,Tamara Brown,409-63-7962,"28633 James Trafficway Suite 017
Rodriguezview, AK 04372",N,hours
786,Keith Cox,255-71-5151,"PSC 9877, Box 2210
APO AE 82901",Y,hours
787,Melissa Foster,306-17-1677,"691 Davidson Inlet Apt. 088
Raymondview, AZ 38300",N,hours
788,Suzanne Torres,722-90-3620,"004 Amanda Road
Hardinton, DE 60568",Y,miles
789,Karen Owens,654-04-0104,"800 Warren Path
Port Ariel, CO 03430",N,hours
790,Christina Meadows MD,683-22-8632,"0370 Martinez Lodge
Hernandezborough, PA 89235",N,miles
791,Shannon Ellis,858-38-5199,"059 Haynes Neck
Brittanyside, OK 75081",N,miles
792,Jesus Perez,809-08-2831,"19911 Smith Islands
South Bryan, DE 07331",N,hours
793,Anita Washington,719-54-1659,"8658 Nicole Prairie Apt. 207
Seanland, NV 28535",N,hours
794,Juan Flynn,506-49-7521,"17013 Christensen Meadows Suite 118
South Heatherville, FL 46383",N,hours
795,Jose Torres,181-52-2617,"2316 Cassandra Locks
North Larryburgh, MD 92199",Y,miles
796,Dr. Robert Richards,319-43-2391,"907 Martinez Stravenue
Lake Eric, MP 21011",N,miles
797,Brittney Mitchell,274-37-2615,"74050 Anne Throughway
Lake Jean, AL 64746",Y,miles
798,Jessica Crawford,006-98-3595,"972 Reyes Mall
Nathanchester, IL 40546",Y,hours
799,David Manning,341-27-8474,"60948 Myers Divide
Port Jacobborough, CT 26283",N,hours
800,Barbara Buckley,173-49-4884,"80652 Cody Walk
Wolfborough, ND 41790",N,miles
801,Jason Cooper,161-96-0761,"16041 Santiago Forest Suite 848
South Nancy, MS 67914",N,hours
802,James Payne,689-75-0311,"8659 Jennifer Ports Suite 080
Port James, MO 47918",Y,hours
803,Faith Schwartz,314-23-5623,"5696 Moore Lodge
Lake Brookemouth, CO 82716",Y,hours
804,William Shelton,399-11-8090,"9896 Jason Stravenue Apt. 442
Buckchester, VT 29421",N,hours
805,Angela Smith,375-51-8894,"69561 Christopher Fords Apt. 092
Lukemouth, IA 85448",N,hours
806,Amanda Thornton,585-04-0277,"Unit 7997 Box 2986
DPO AA 72803",Y,miles
807,Eric Bell,221-26-9501,"11125 Valerie Manors
Griffithbury, MH 96941",N,miles
808,Kevin Dominguez,230-87-1339,"36036 Lisa Field
Timothyfort, IN 70649",Y,hours
809,Janet Garcia,447-90-4099,"PSC 6176, Box 9833
APO AP 23362",Y,miles
810,Margaret Howard,085-04-5354,"082 Gloria Island Apt. 848
Whiteheadburgh, GA 78380",N,miles
811,Frank Neal,811-29-5967,"597 Maldonado Branch Apt. 477
New Kimbury, FM 62026",Y,hours
812,Thomas Medina,313-94-2661,"326 Smith Skyway
Lake Angela, TN 10498",Y,miles
813,Alice Gonzalez,022-79-8451,"99576 Griffin Hollow
Bernardview, PR 16159",Y,hours
814,Alicia Norton,285-07-4714,"USNS Burnett
FPO AE 45119",Y,miles
815,Dawn Baker,105-42-3411,"0336 Brendan Ports Suite 964
Wadestad, WA 31243",Y,miles
816,Dana Rivera,830-50-0633,"6505 Perry Mountains
Rayport, OK 27496",Y,miles
817,Daniel Davis,413-75-8061,"8635 Jeffrey Road
North Edwardport, NM 67257",N,miles
818,Frank Williams,100-16-0467,"PSC 1590, Box 9078
APO AA 08926",N,hours
819,Michael Miller,496-36-1952,"3553 Ryan Wall
Lake Chelseyport, SC 03535",Y,miles
820,Alison Parker,601-09-8368,"99239 Jake Mountain
Kingburgh, AR 87630",N,miles
821,Jennifer Johnston,109-61-8572,"0869 David Wells
Jameston, VA 50667",N,miles
822,Mr. Christopher Nunez,716-82-7350,"44628 Olson Pike Suite 570
Tonybury, DC 39845",N,hours
823,Dr. Kaitlyn Castillo,220-55-6144,"207 Moore Causeway Suite 012
East Jorge, SC 19392",N,hours
824,Monica Barrera,669-44-6261,"50950 Anderson Pass Apt. 598
New Kevin, AR 62856",Y,miles
825,Rebecca Stephens,108-41-5497,"59350 Danielle Bypass Suite 460
East Jack, OH 91877",N,miles
826,James Hart,069-88-9556,"3517 Turner Trail Apt. 586
West Jennifer, KS 67592",N,hours
827,Luke Vasquez,761-99-0984,"9399 Elizabeth Road
Port Ruthmouth, MH 77196",Y,hours
828,Isaiah Holmes,037-23-2007,"USCGC Wilkins
FPO AE 12418",N,miles
829,Megan Williams,735-48-0820,"07932 Jordan Ville
Angelicaland, CA 75280",Y,hours
830,Pamela Clark,466-03-3362,"6626 Powers Mountains Apt. 471
Morrisonberg, NC 74649",Y,miles
831,Emily Carpenter,881-44-3309,"42588 Brent Isle Suite 741
Grayville, PR 52058",N,miles
832,Jennifer Hess,471-18-8957,"0100 Joe Villages
North Joanne, MH 76985",Y,miles
833,Ralph Steele,188-42-7244,"259 William Flats
East Mark, TX 91708",Y,hours
834,Ryan Shaffer,228-50-8936,"26819 Juarez Mall
East Danielburgh, SD 73014",N,miles
835,Stacy Harper,463-53-9913,"809 Scott Mission Apt. 237
Thomashaven, MT 14907",Y,miles
836,Sherri Thomas,236-78-0143,"93744 Nicholas Gardens
Paulberg, MO 06461",Y,miles
837,Olivia Jackson,684-11-2672,"32723 Bryant Village
Ronaldchester, MA 32462",N,miles
838,Tonya Bowers,044-02-0764,"283 Flowers Ford Apt. 551
Port Christophershire, VA 97417",Y,miles
839,Gerald Hamilton,242-40-8457,"Unit 7858 Box 0953
DPO AA 12865",Y,miles
840,Andres Silva,575-13-0740,"178 Green Tunnel Suite 923
South Michael, SC 42706",N,hours
841,Richard Collins,471-87-6177,"906 Everett Gateway
Lake Heatherstad, TN 74676",Y,hours
842,Martin Cook,801-76-6826,"87589 Allen Ferry
West Amy, NV 52244",Y,hours
843,Jacob Foster,220-51-8776,"87659 Lewis Station
New Kristin, ID 87025",N,miles
844,Jessica Vaughan,356-53-3925,"8210 Kristine Plains
New Brittany, AK 55134",N,hours
845,Mr. Mark Middleton MD,047-09-7638,"1026 Laura Village Apt. 396
Lake Michelleland, PW 16341",N,hours
846,Stephanie Browning,237-89-7996,"58798 Henderson Flat Apt. 015
Maryview, FL 81964",N,miles
847,Jose Dawson,890-61-1145,"9349 Ashley Avenue
Paulaville, CA 15320",Y,hours
848,Brianna Gibbs,256-91-2333,"056 Estes Prairie Apt. 996
Port Mary, PR 64994",N,hours
849,Christine Chapman,248-05-1135,"55376 Nathaniel Plaza Suite 094
West Bonnie, TN 72365",Y,hours
850,Michael Frank,232-10-4056,"5657 Brenda Corner
Lake Stephen, NH 91059",Y,hours
851,Karen Martinez,614-90-4566,"533 Greer Brook Apt. 893
West Amanda, PR 67710",N,miles
852,Sean Trujillo,656-92-3770,"USCGC Ruiz
FPO AP 31194",N,hours
853,Nicole Sweeney,087-15-6277,"538 Rogers Viaduct Apt. 647
Carrillofurt, OH 63545",N,miles
854,Felicia Goodwin,312-71-5581,"87932 Stout Points
Port Brianton, PA 32747",N,hours
855,Maria Ortega,341-77-4147,"193 Lopez Cove
Lake Mario, SD 72826",N,hours
856,Jonathan Anthony,167-36-8745,"1853 Julia Course
Cortezside, OK 26650",N,hours
857,Kim Alvarez,803-32-4405,"55299 Wilson Mills Apt. 539
South Kristy, MO 13655",Y,hours
858,Jeff Gardner,132-87-3731,"Unit 1262 Box 8170
DPO AE 34501",N,miles
859,Amy Mcdaniel,590-94-7697,"23695 Michelle Junctions Suite 147
Marissaville, PA 84761",Y,miles
860,Mark Lee,559-06-1970,"8164 April Rapid
Lake Kim, VA 20292",N,miles
861,Chelsea May,156-39-2890,"29512 Mcdonald Overpass Suite 550
Jacobmouth, RI 75977",N,hours
862,Emily Smith,098-49-2475,"4376 Anderson Spur Suite 581
East Daniel, CO 63500",N,miles
863,Melissa Ballard,259-69-5781,"8600 Miller Burgs
Langchester, KY 95257",N,miles
864,Ryan Lopez,158-96-5511,"46923 Michael Glens Suite 343
Murphyton, DC 20459",N,miles
865,Paul Jackson,863-23-1172,"24368 Richard Landing Apt. 768
South Vanessa, ID 39382",Y,hours
866,Walter Williams,262-31-1712,"17076 Erin Divide Suite 666
Kevinton, OR 21733",N,miles
867,Alison Schultz,162-99-3418,"88187 Chavez Spur Apt. 758
North Gregmouth, GA 09613",Y,miles
868,David Grant,742-39-9924,"969 William Common Suite 355
West Mason, VT 29792",N,hours
869,James James,754-65-5974,"55364 Carey Forest Suite 579
Jonesview, MN 75797",N,hours
870,Maria Morales,555-04-0378,"USNV Johnson
FPO AA 91533",Y,miles
871,Savannah Burke,693-11-2465,"0288 Catherine Orchard
Hernandezland, CA 40535",N,miles
872,Dr. Linda Phillips,621-90-3350,"609 Thomas Green Suite 040
Nortonmouth, VI 49898",Y,miles
873,Sean Sheppard,866-21-2987,"6493 Lawrence Walk
Port Yolanda, TX 50682",Y,hours
874,Amy Carson,069-84-9448,"3535 Brittany Causeway Apt. 702
Kingstad, MT 82226",N,miles
875,Ruth Velasquez,686-90-6060,"52572 Pamela Harbor
Jacquelinemouth, NM 58913",N,miles
876,Rachel Kelly,305-49-3325,"710 Angela Springs Apt. 859
Scottport, OR 09054",N,miles
877,Cindy Thomas,639-87-0389,"1029 Mcdonald Vista
Moorehaven, NM 39705",N,miles
878,Nicole Clark,650-20-2923,"8699 Parks Highway Suite 550
Josephstad, MN 64762",Y,hours
879,Meghan Blake,247-56-4417,"5103 Joshua Circles
Holmesmouth, HI 94005",Y,hours
880,Megan Brooks,767-59-5206,"50747 Dickson Ramp
Lake Philip, AL 24357",Y,miles
881,Michael George,752-21-3642,"722 Joshua Square Apt. 412
New Madison, MN 13507",N,miles
882,Christine Taylor,780-79-8217,"17115 Candice Parks Apt. 905
Carrburgh, GU 27315",Y,miles
883,Felicia Conrad,323-81-7898,"1175 Chen Union
New Jenniferborough, FM 77010",N,miles
884,Lisa Boyle,506-07-6826,"968 Moses Highway
Port Scottburgh, VI 02739",Y,miles
885,Julie Robertson,626-23-6632,"4159 Joseph Lodge Suite 331
Watkinsside, AL 65026",N,miles
886,Emily Stewart,206-39-7656,"88217 Fowler Stravenue
Blairside, PW 43976",Y,hours
887,Michelle Rogers,494-82-6555,"3001 Justin Burgs
Alexandertown, FL 46771",N,miles
888,Dennis Mitchell DDS,557-75-9248,"6295 Rose Manor Apt. 176
South Alexiston, WI 73739",N,miles
889,Keith White,629-26-2183,"716 Grant Cliff Suite 783
West Joehaven, MT 92627",Y,miles
890,Lawrence Olsen,594-70-1258,"4956 Dyer Hollow Suite 137
New Edwardport, AK 37676",N,hours
891,Gary Barnes,745-16-3652,"501 Mitchell Freeway Apt. 898
Andrewton, MP 60062",N,miles
892,Anita Strong,448-28-5693,"76618 Kerri Route Suite 803
Port Jillside, GU 31481",N,miles
893,Rebekah Perez,371-41-7320,"835 Donald Bridge
New Maureen, HI 18155",Y,miles
894,Haley Schmitt,016-15-2013,"400 Daniel Creek Apt. 659
Joseburgh, CA 30050",Y,miles
895,Belinda Ware,673-74-9441,"846 Ellis Ways Apt. 806
Adamberg, KS 70510",N,hours
896,Andrew Gonzalez,343-92-9217,"167 Lopez Common
Turnerside, ID 35657",Y,hours
897,Jeanette Hudson,164-43-8708,"72322 Rachel Coves
East Meagan, WV 27091",Y,hours
898,Hannah Herrera,782-08-6672,"98664 Donna Harbors
West Andrew, OR 07135",N,hours
899,Jade Ramirez,391-98-4491,"732 Dixon Villages
Lake Sabrinafurt, MA 24511",N,hours
900,Virginia Silva,406-58-1804,"91058 Nelson Lakes Apt. 906
East Christina, DC 96815",N,hours
901,Jeremy Herrera,004-05-7375,"67477 Thompson Spur
Sandramouth, WA 76361",Y,miles
902,Ann Fleming,134-41-7363,"88592 Robinson Mill Apt. 378
Lake Stacytown, AR 62996",N,miles
903,Jordan Hinton,234-70-9958,"3637 Johnson Coves
West Matthew, IL 45771",N,miles
904,Teresa Davis,560-35-6042,"024 Lauren Corner
North Edward, DC 02649",N,miles
905,Tina Norman,576-15-8360,"946 Gilbert Street
North Stephanie, RI 69426",Y,hours
906,Elizabeth Perez,439-60-4906,"317 West Run Suite 665
Lake Christopherfurt, WA 91389",N,miles
907,William Hernandez,569-69-5976,"5272 Robinson Harbors
Port Shannon, IL 00746",Y,hours
908,Donald Alvarado,339-74-7064,"040 Byrd Path
East John, TN 05815",N,miles
909,Jennifer Acosta,145-19-2983,"303 Garcia Mount Suite 677
Brooksside, OH 85327",Y,miles
910,Angela Peck,187-27-4527,"2543 Berry Glens
South Crystalstad, MN 58119",Y,hours
911,Angela Price,566-28-3672,"4994 Aguilar Coves
New Samantha, ID 33560",N,hours
912,Martin Velasquez,560-35-6739,"166 Jacobs Via Apt. 432
Craigville, OR 86541",Y,hours
913,Debra Nichols,552-03-4379,"85643 Mariah Lakes
East Sierra, MH 49854",Y,miles
914,Danielle Campbell,242-68-6537,"40606 Karen Centers
Gomezshire, MH 52292",N,miles
915,Parker Wall,800-69-4821,"2805 Sheila Cape
East Elizabeth, IL 97938",N,hours
916,Aaron Lyons,528-22-4135,"53701 Ashley Rapids Suite 733
Lisamouth, WY 96235",N,miles
917,Hannah Bishop,534-26-7504,"67284 Baker Estates Apt. 646
East Ashley, NE 78524",N,miles
918,Gerald Marshall,168-28-7633,"62608 Watts Fords Apt. 705
Carlsonchester, NH 69424",N,hours
919,Michele Wolf,246-97-6999,"33421 Zamora Plaza Suite 488
North David, NM 88291",N,hours
920,Karen Moore,731-24-7461,"4282 Michael Circle Apt. 604
Port Mary, IA 81419",Y,miles
921,Theresa Dennis,482-65-8106,"332 Moyer Causeway Suite 786
Lake Rebecca, IL 73218",N,hours
922,Nicholas Martin,031-72-4464,"62934 Ortega Well
Jamesview, FM 86024",Y,hours
923,Emily Wolfe,794-34-8381,"402 Miller Light
East Stephen, LA 29876",N,miles
924,Melissa Olson,438-99-7434,"602 Graves Well
East Adam, MN 25703",N,miles
925,Mark Meza,169-37-9972,"6293 Eric Trail Suite 992
Gonzalezchester, IL 38695",Y,miles
926,Daniel Sanford,537-30-8754,"41509 John Squares Apt. 906
Henryburgh, PW 70172",N,hours
927,Lisa Bennett,721-18-8972,"6924 Gregory Wells Suite 169
Walkerchester, NH 15714",N,hours
928,Tracy Baldwin,400-38-8123,"203 Mcintyre Flats Suite 493
Brownbury, CA 43462",N,hours
929,David Park,870-23-2759,"PSC 9799, Box 2136
APO AP 24245",N,miles
930,David Scott,807-84-9422,"27598 Darlene Field
Johnathanville, MO 24478",N,hours
931,Alex Garcia,454-76-2352,"323 Pope Port
East Daniellemouth, VT 15780",N,miles
932,Lisa Cummings,458-63-7682,"36330 Heidi Plaza Suite 716
New Chris, GU 39177",N,miles
933,Jamie Zuniga,759-17-1532,"USCGC Roberts
FPO AE 51441",Y,hours
934,John Hurst,640-62-3353,"Unit 5222 Box 2026
DPO AP 78112",Y,miles
935,Jamie Davis,373-56-2998,"PSC 8109, Box 7156
APO AP 86649",Y,miles
936,Tony Mcdonald,267-78-0048,"45701 Rachel Pike
South Michael, MA 77211",N,hours
937,Kristen Kent,811-21-8263,"PSC 3379, Box 1128
APO AA 35488",N,hours
938,Fred Stone,183-29-5158,"43642 Linda Brook Apt. 743
Victoriaport, SC 52115",N,miles
939,Eric Williams,028-93-7381,"96446 Scott Tunnel
New Lisa, DC 52151",Y,miles
940,Joseph Austin,195-92-1885,"03194 Kelley Trace Suite 921
Jennastad, NV 85798",Y,hours
941,Lisa Allen,253-30-5742,"3656 Schroeder Centers Apt. 288
New April, UT 83785",Y,miles
942,Dylan Hill,752-38-0701,"73203 Mitchell Stravenue Suite 224
Ericmouth, RI 75614",Y,miles
943,Rebecca Montgomery,053-27-6959,"7524 Johnson Via Suite 278
Lake Karen, VT 31503",Y,miles
944,Caitlyn Diaz,804-86-8669,"117 Daniel Spurs
New Colleenburgh, NH 48942",N,hours
945,Phillip Smith Jr.,199-66-2612,"09306 Rice Loaf
Meganmouth, UT 11867",N,miles
946,Desiree Cannon,703-99-0413,"8345 Jacob Branch Suite 200
Donaldstad, ND 76172",Y,hours
947,Amanda Ball,632-68-3250,"04875 Brian Plain
Lake Troy, VI 84909",N,miles
948,Matthew Gardner,749-84-1697,"37247 Evans Route Apt. 550
Whitefort, WI 26188",Y,hours
949,Ronnie Johnson,198-87-2460,"510 Riley Forest
East William, CA 99087",Y,miles
950,Joshua Perez,393-28-7285,"91100 Mcmillan Ford
New Karen, ND 52758",Y,hours
951,Sarah Payne,774-86-5985,"1311 Burton Manors Apt. 885
Josephborough, MO 01571",N,miles
952,Ana Flores,203-68-5727,"81912 Richard Radial
Myersberg, NV 83631",Y,hours
953,Jimmy Lang,519-66-4386,"23374 Sara Parkways
Parkerbury, IA 97392",N,hours
954,Pamela Davidson,021-31-9842,"1899 Chang Station
Port Jennifer, MD 32242",Y,hours
955,Joshua Schneider,431-65-3961,"PSC 2233, Box 2700
APO AP 02886",N,miles
956,Shelly Thompson MD,711-44-5465,"6149 Thomas Lakes
Walkerchester, PR 35691",Y,miles
957,Daniel Martinez,378-63-1589,"USNS Morton
FPO AA 24819",Y,miles
958,Melissa Hickman,150-36-0149,"189 Cassidy Forge
North Amy, WY 88454",Y,hours
959,Lauren Mccarthy,859-49-9447,"07222 Rhonda Light
Port Robin, MD 99369",Y,hours
960,Miguel Mueller,262-83-5864,"615 Ashley Orchard Suite 720
North Matthewmouth, OK 63062",Y,hours
961,Rita Cooper,325-39-3302,"USNV Sanders
FPO AA 63451",Y,hours
962,Jeremy Proctor,866-04-1758,"9985 Barry Orchard Suite 502
New Benjaminstad, RI 16640",Y,hours
963,Brittany Sawyer DDS,052-53-3953,"00882 David Meadows
Chapmanburgh, NH 73479",Y,hours
964,Mark Craig,089-73-2971,"USNS Davila
FPO AE 43171",N,hours
965,Darrell Cruz,530-05-6757,"761 Newman Grove
Haynestown, WV 10687",Y,hours
966,Larry Murray,575-22-1311,"3966 Joanne Run Suite 213
West John, VA 62586",N,miles
967,Peggy Bright,645-44-6648,"3621 Emily Vista
Catherineberg, IN 78714",N,miles
968,Thomas Alvarez,048-93-4154,"1760 Powell Walk
Bullockburgh, WV 70069",N,hours
969,Kimberly Adams,062-47-9719,"USS Nelson
FPO AA 07545",Y,miles
970,Eric Williams,810-86-2883,"8187 David Ways Apt. 007
Briannaville, MA 66995",N,miles
971,Ashley Diaz,418-19-5474,"47645 Alyssa Trace
New Micheleview, UT 06606",Y,miles
972,Rhonda Huff,671-27-6840,"144 Brittany Road
Reynoldsview, OR 82717",Y,hours
973,Jason Cannon,425-12-7216,"42398 Sarah Drive
North Catherineberg, RI 36334",N,hours
974,John Gutierrez,012-58-7635,"2986 Nicholas Forest
Amberberg, CT 16839",Y,miles
975,Roberto Allison,445-56-3684,"452 Morrison Stream Suite 608
East Andreaton, AZ 87221",Y,hours
976,Julie Salazar,480-85-3157,"973 Pena Union
Marquezchester, SC 89658",Y,miles
977,Ashley Robinson,696-10-4457,"78816 Patricia Canyon Suite 315
Lake Emma, VT 90056",N,hours
978,Frank Barton,859-13-0940,"204 Maldonado Divide Apt. 792
Meganton, VT 38253",N,miles
979,Audrey Poole,441-54-8612,"52241 Matthew Fords Suite 693
Lake Joseph, OR 67332",Y,hours
980,Allen Moran,237-59-6189,"8900 Todd Walk Apt. 796
Port Randyhaven, DE 85288",N,miles
981,Cathy Romero,569-08-2231,"5458 Romero Heights
Nguyenfurt, NH 05274",Y,hours
982,Joy Green,051-85-2981,"0525 Angel Parkway
Gregoryborough, MS 14671",Y,miles
983,Sheryl Gutierrez,199-39-4081,"868 Dustin Light Suite 889
Johnsonhaven, ME 11987",Y,hours
984,Emily Brown,185-11-6632,"1008 Mcdowell Knolls
Port Maryside, PR 93319",Y,hours
985,Aaron Smith,824-82-5751,"875 Brown Road
Foxville, MT 26642",Y,miles
986,Chloe Mills,896-96-7565,"4474 Monroe Mountain Suite 978
Lake Barbara, WY 39607",Y,hours
987,Jared Green,117-08-1246,"29673 Davis Gateway
Marshallville, NM 11776",N,hours
988,Justin Johnson,031-35-1953,"PSC 3376, Box 1628
APO AE 67065",N,hours
989,Courtney Morales,160-54-7965,"720 Campbell Islands Suite 897
Frankfort, MP 18707",N,miles
990,Connie Torres,814-51-6071,"1346 Kramer Summit
East Veronicaburgh, FM 22283",N,miles
991,Sherri Weaver,286-43-8070,"906 Tara Trace Apt. 219
West Leslie, SC 26252",N,hours
992,David Archer,865-14-3883,"664 Fields Islands
Robertshaven, MS 50303",Y,miles
993,Nicole Reid,627-45-8676,"1338 King Mall Apt. 277
Jacobshire, CT 66580",Y,hours
994,Phyllis Dominguez,836-92-9904,"3305 Phillips Avenue
Tranchester, AS 25962",N,hours
995,Julia Hampton,088-66-5089,"94915 Pham Inlet
Jamesland, AL 97395",N,hours
996,Philip Smith,552-52-1474,"286 Galvan Street Suite 286
Peterview, NE 78650",N,miles
997,Chad Miller,147-91-9708,"05331 Lopez Fall
Lake Thomasville, NY 94039",Y,miles
998,John Copeland,539-20-9832,"29249 Wise Wells Suite 494
Dixonberg, DC 97379",Y,hours
999,Alexander Smith PhD,171-23-4542,"7795 Christine Estate Apt. 201
Perkinsland, GU 79700",Y,miles
1000,Andrea Greene,495-79-0216,"69521 Alexis Pike
South Angela, CO 84374",N,miles
1001,Laura Newman,810-24-1712,"77009 Veronica Bridge
North Johnhaven, CT 51079",N,hours
1002,Amber Gomez,053-15-7047,"746 Mccoy Circle
North Henrytown, IL 52895",N,miles
1003,Luis Brown,792-81-4255,"910 Ellis Plains Apt. 517
Hodgeton, NY 35142",N,hours
1004,Beverly Armstrong,695-14-3819,"PSC 6893, Box 3383
APO AE 16033",N,hours
1005,Ronald Austin,827-02-6042,"0746 Maldonado Circles
Vincentstad, OK 80691",N,hours
1006,Sandra Wallace,015-83-5395,"592 Tracy Plaza
Lake Sean, OK 84166",Y,miles
1007,Samantha Adkins,825-98-5030,"329 Strickland Ranch
Larrychester, VT 23771",Y,hours
1008,Nathan Armstrong,263-91-9889,"34322 Oconnor Station
Sampsonmouth, MO 79488",Y,hours
1009,Meghan Wallace,274-99-1414,"USNS Parker
FPO AP 13048",N,hours
